agency_name,county_total,murder,rape,robbery,assault,burglary,larceny,auto_theft,total,population,months,year,county
Anderson County,County Total,1,8,11,96,198,531,62,907,57491,NA,2018,Anderson
Andrews County,County Total,0,10,1,61,60,187,33,352,18130,NA,2018,Andrews
Angelina County,County Total,1,45,20,187,474,1420,150,2297,87687,NA,2018,Angelina
Aransas County,County Total,2,23,8,114,324,771,73,1315,33339,NA,2018,Aransas
Archer County,County Total,0,3,0,1,5,6,1,16,1742,NA,2018,Archer
Armstrong County,County Total,0,4,0,3,6,9,2,24,1871,NA,2018,Armstrong
Atascosa County,County Total,4,15,9,99,235,774,112,1248,50059,NA,2018,Atascosa
Austin County,County Total,0,11,3,32,82,138,29,295,29912,NA,2018,Austin
Bailey County,County Total,1,1,0,14,15,53,5,89,7047,NA,2018,Bailey
Bandera County,County Total,1,24,2,7,108,134,42,318,22557,NA,2018,Bandera
Bastrop County,County Total,5,55,28,147,317,834,102,1488,87175,NA,2018,Bastrop
Baylor County,County Total,0,2,0,5,5,28,2,42,3554,NA,2018,Baylor
Bee County,County Total,2,6,8,55,136,389,19,615,32573,NA,2018,Bee
Bell County,County Total,25,261,244,511,1553,5357,543,8494,351009,NA,2018,Bell
Bexar County,County Total,121,1575,1935,7156,10658,53394,6857,81696,1992664,NA,2018,Bexar
Blanco County,County Total,0,1,0,13,14,33,3,64,11763,NA,2018,Blanco
Borden County,County Total,0,0,0,0,4,10,1,15,675,NA,2018,Borden
Bosque County,County Total,0,0,0,4,26,45,5,80,15631,NA,2018,Bosque
Bowie County,County Total,5,50,54,202,526,1944,212,2993,93946,NA,2018,Bowie
Brazoria County,County Total,4,131,107,377,800,4241,390,6050,373587,NA,2018,Brazoria
Brazos County,County Total,4,150,83,395,784,4087,330,5833,226375,NA,2018,Brazos
Brewster County,County Total,1,4,1,19,44,37,1,107,9323,NA,2018,Brewster
Briscoe County,County Total,0,0,0,1,1,6,0,8,1510,NA,2018,Briscoe
Brooks County,County Total,0,0,0,12,79,64,0,155,7219,NA,2018,Brooks
Brown County,County Total,1,34,4,110,164,552,40,905,37943,NA,2018,Brown
Burleson County,County Total,0,6,2,27,60,109,11,215,18074,NA,2018,Burleson
Burnet County,County Total,0,29,3,74,132,400,51,689,49180,NA,2018,Burnet
Caldwell County,County Total,1,6,10,65,102,257,28,469,42396,NA,2018,Caldwell
Calhoun County,County Total,1,14,4,64,94,153,27,357,19525,NA,2018,Calhoun
Callahan County,County Total,0,1,1,7,68,61,14,152,13971,NA,2018,Callahan
Cameron County,County Total,5,176,218,917,1700,8855,348,12219,424884,NA,2018,Cameron
Camp County,County Total,0,4,0,21,55,100,20,200,12886,NA,2018,Camp
Carson County,County Total,1,2,0,19,18,26,7,73,5998,NA,2018,Carson
Cass County,County Total,0,12,6,74,151,258,42,543,29476,NA,2018,Cass
Castro County,County Total,1,3,0,11,25,51,12,103,7783,NA,2018,Castro
Chambers County,County Total,3,6,10,44,126,513,85,787,37983,NA,2018,Chambers
Cherokee County,County Total,2,22,10,143,276,545,73,1071,52155,NA,2018,Cherokee
Childress County,County Total,0,0,0,0,6,3,1,10,979,NA,2018,Childress
Clay County,County Total,0,9,5,11,65,40,19,149,10348,NA,2018,Clay
Cochran County,County Total,0,0,0,0,2,0,0,2,2803,NA,2018,Cochran
Coke County,County Total,1,0,0,0,1,0,0,2,3295,NA,2018,Coke
Coleman County,County Total,0,5,1,14,32,7,3,62,5403,NA,2018,Coleman
Collin County,County Total,11,322,261,677,1567,10238,849,13925,980246,NA,2018,Collin
Collingsworth County,County Total,0,0,0,0,0,0,0,0,2970,NA,2018,Collingsworth
Colorado County,County Total,0,5,2,17,38,135,28,225,21225,NA,2018,Colorado
Comal County,County Total,4,88,26,272,395,1330,130,2245,158668,NA,2018,Comal
Comanche County,County Total,1,1,1,22,56,115,10,206,13482,NA,2018,Comanche
Concho County,County Total,0,0,0,11,2,7,0,20,2585,NA,2018,Concho
Cooke County,County Total,0,24,13,73,124,329,26,589,39195,NA,2018,Cooke
Coryell County,County Total,0,18,12,147,198,690,36,1101,75270,NA,2018,Coryell
Cottle County,County Total,1,0,0,1,2,0,1,5,1076,NA,2018,Cottle
Crane County,County Total,0,1,0,0,5,10,2,18,4782,NA,2018,Crane
Crockett County,County Total,0,0,1,2,106,11,0,120,3535,NA,2018,Crockett
Crosby County,County Total,0,2,2,9,23,17,8,61,5864,NA,2018,Crosby
Culberson County,County Total,0,0,0,0,0,0,0,0,2201,NA,2018,Culberson
Dallam County,County Total,1,7,0,15,60,109,15,207,9970,NA,2018,Dallam
Dallas County,County Total,208,1324,5316,7339,14453,53979,14468,97087,2931219,NA,2018,Dallas
Dawson County,County Total,1,10,4,32,117,287,21,472,12523,NA,2018,Dawson
Deaf Smith County,County Total,0,7,15,81,97,276,29,505,18696,NA,2018,Deaf Smith
Delta County,County Total,0,0,0,3,10,18,1,32,5292,NA,2018,Delta
Denton County,County Total,12,353,204,620,1193,6973,663,10018,660419,NA,2018,Denton
DeWitt County,County Total,2,8,1,85,158,239,14,507,16006,NA,2018,DeWitt
Dickens County,County Total,0,1,0,0,3,0,2,6,2171,NA,2018,Dickens
Dimmit County,County Total,0,1,0,8,21,88,7,125,10447,NA,2018,Dimmit
Donley County,County Total,0,0,2,3,10,22,5,42,3245,NA,2018,Donley
Duval County,County Total,0,1,2,34,44,80,30,191,12088,NA,2018,Duval
Eastland County,County Total,0,10,1,34,72,110,18,245,17504,NA,2018,Eastland
Ector County,County Total,12,125,127,969,803,3189,633,5858,161844,NA,2018,Ector
Edwards County,County Total,0,1,0,2,11,10,0,24,1942,NA,2018,Edwards
Ellis County,County Total,2,48,48,192,311,1567,157,2325,169040,NA,2018,Ellis
El Paso County,County Total,31,464,403,2019,1369,9648,923,14857,843458,NA,2018,El Paso
Erath County,County Total,1,19,3,52,139,408,36,658,42464,NA,2018,Erath
Falls County,County Total,1,5,6,14,32,56,16,130,15210,NA,2018,Falls
Fannin County,County Total,0,19,3,30,137,191,18,398,31766,NA,2018,Fannin
Fayette County,County Total,1,6,6,48,75,201,11,348,25305,NA,2018,Fayette
Floyd County,County Total,0,8,3,29,21,45,6,112,5765,NA,2018,Floyd
Foard County,County Total,0,0,0,0,0,0,0,0,854,NA,2018,Foard
Fort Bend County,County Total,14,210,281,929,1147,6616,458,9655,752245,NA,2018,Fort Bend
Franklin County,County Total,1,0,1,15,21,26,4,68,10055,NA,2018,Franklin
Freestone County,County Total,0,0,5,23,66,120,12,226,19545,NA,2018,Freestone
Frio County,County Total,2,1,3,47,115,189,16,373,19904,NA,2018,Frio
Gaines County,County Total,0,7,2,53,56,135,19,272,21058,NA,2018,Gaines
Galveston County,County Total,25,234,225,509,1250,5851,694,8788,354271,NA,2018,Galveston
Garza County,County Total,0,0,0,7,15,17,3,42,6520,NA,2018,Garza
Gillespie County,County Total,3,3,1,11,27,131,9,185,26832,NA,2018,Gillespie
Glasscock County,County Total,0,0,0,0,2,18,1,21,1362,NA,2018,Glasscock
Goliad County,County Total,0,4,0,9,27,54,14,108,7591,NA,2018,Goliad
Gonzales County,County Total,0,18,5,101,62,169,8,363,21005,NA,2018,Gonzales
Gray County,County Total,1,15,9,95,189,516,58,883,22334,NA,2018,Gray
Grayson County,County Total,3,75,49,179,501,1443,193,2443,130122,NA,2018,Grayson
Gregg County,County Total,8,78,59,323,751,2413,318,3950,131281,NA,2018,Gregg
Grimes County,County Total,0,5,3,34,107,140,43,332,28219,NA,2018,Grimes
Guadalupe County,County Total,5,69,38,180,357,1663,119,2431,149399,NA,2018,Guadalupe
Hale County,County Total,0,7,6,78,140,437,23,691,32421,NA,2018,Hale
Hall County,County Total,0,0,0,8,25,15,7,55,2892,NA,2018,Hall
Hamilton County,County Total,0,1,0,5,14,56,11,87,7006,NA,2018,Hamilton
Hansford County,County Total,0,1,0,8,12,3,5,29,5411,NA,2018,Hansford
Hardeman County,County Total,0,0,0,0,2,4,0,6,3960,NA,2018,Hardeman
Hardin County,County Total,3,15,12,60,167,401,97,755,57322,NA,2018,Hardin
Harris County,County Total,383,2297,11553,21030,25594,105157,19565,185579,4753437,NA,2018,Harris
Harrison County,County Total,6,14,23,160,292,864,105,1464,64649,NA,2018,Harrison
Hartley County,County Total,0,0,0,1,5,2,0,8,2912,NA,2018,Hartley
Haskell County,County Total,0,0,1,1,14,11,1,28,5679,NA,2018,Haskell
Hays County,County Total,4,139,69,315,523,2330,189,3569,223395,NA,2018,Hays
Hemphill County,County Total,0,0,0,1,7,18,3,29,4048,NA,2018,Hemphill
Henderson County,County Total,4,57,20,156,351,626,108,1322,78727,NA,2018,Henderson
Hidalgo County,County Total,12,467,344,1510,2791,16631,688,22443,864550,NA,2018,Hidalgo
Hill County,County Total,1,19,7,51,136,467,48,729,34471,NA,2018,Hill
Hockley County,County Total,1,26,4,101,167,345,38,682,23058,NA,2018,Hockley
Hood County,County Total,2,24,8,63,136,698,52,983,58236,NA,2018,Hood
Hopkins County,County Total,4,14,9,26,59,131,37,280,36582,NA,2018,Hopkins
Houston County,County Total,0,2,1,41,73,197,17,331,22864,NA,2018,Houston
Howard County,County Total,3,14,15,175,205,686,109,1207,36095,NA,2018,Howard
Hudspeth County,County Total,0,0,0,3,20,4,8,35,4558,NA,2018,Hudspeth
Hunt County,County Total,3,55,15,300,255,828,113,1569,89224,NA,2018,Hunt
Hutchinson County,County Total,0,16,4,31,98,409,47,605,19394,NA,2018,Hutchinson
Irion County,County Total,0,1,0,3,7,20,3,34,1500,NA,2018,Irion
Jack County,County Total,1,1,0,10,22,58,24,116,8782,NA,2018,Jack
Jackson County,County Total,0,8,2,11,49,99,11,180,14869,NA,2018,Jackson
Jasper County,County Total,2,21,6,67,165,445,56,762,35432,NA,2018,Jasper
Jeff Davis County,County Total,1,1,0,3,1,4,1,11,2265,NA,2018,Jeff Davis
Jefferson County,County Total,27,151,478,1231,1718,4814,656,9075,256141,NA,2018,Jefferson
Jim Hogg County,County Total,0,0,1,4,4,9,0,18,5175,NA,2018,Jim Hogg
Jim Wells County,County Total,2,23,5,181,438,817,60,1526,38534,NA,2018,Jim Wells
Johnson County,County Total,5,93,35,340,376,1723,200,2772,177347,NA,2018,Johnson
Jones County,County Total,1,0,6,16,39,72,9,143,14250,NA,2018,Jones
Karnes County,County Total,0,1,3,29,86,212,20,351,15189,NA,2018,Karnes
Kaufman County,County Total,6,72,29,150,319,1137,187,1900,125280,NA,2018,Kaufman
Kendall County,County Total,0,22,3,21,61,356,47,510,43365,NA,2018,Kendall
Kenedy County,County Total,0,0,0,2,1,2,2,7,416,NA,2018,Kenedy
Kent County,County Total,0,1,0,1,0,8,1,11,755,NA,2018,Kent
Kerr County,County Total,1,20,6,73,96,474,21,691,51882,NA,2018,Kerr
Kimble County,County Total,0,0,0,5,7,17,4,33,4371,NA,2018,Kimble
King County,County Total,0,0,0,0,0,0,0,0,296,NA,2018,King
Kinney County,County Total,0,0,0,0,1,0,0,1,2008,NA,2018,Kinney
Kleberg County,County Total,0,1,8,104,181,645,25,964,30869,NA,2018,Kleberg
Knox County,County Total,0,1,1,0,22,15,0,39,3698,NA,2018,Knox
Lamar County,County Total,3,17,25,211,212,669,65,1202,49415,NA,2018,Lamar
Lamb County,County Total,0,10,2,35,51,135,15,248,13065,NA,2018,Lamb
Lampasas County,County Total,0,9,1,23,55,197,5,290,19646,NA,2018,Lampasas
La Salle County,County Total,0,1,0,2,6,33,0,42,7664,NA,2018,La Salle
Lavaca County,County Total,1,13,0,31,50,101,10,206,22232,NA,2018,Lavaca
Lee County,County Total,1,12,2,21,24,123,12,195,16015,NA,2018,Lee
Leon County,County Total,1,0,0,19,47,100,15,182,16132,NA,2018,Leon
Liberty County,County Total,2,53,24,192,333,927,175,1706,84637,NA,2018,Liberty
Limestone County,County Total,0,10,4,55,135,292,33,529,23466,NA,2018,Limestone
Lipscomb County,County Total,0,2,0,2,2,17,11,34,3383,NA,2018,Lipscomb
Live Oak County,County Total,0,1,0,9,18,23,3,54,10274,NA,2018,Live Oak
Llano County,County Total,0,0,2,9,36,48,4,99,14804,NA,2018,Llano
Loving County,County Total,0,0,0,0,0,17,0,17,145,NA,2018,Loving
Lubbock County,County Total,14,269,448,1925,2475,8905,1250,15286,305394,NA,2018,Lubbock
Lynn County,County Total,0,0,0,1,14,26,11,52,5130,NA,2018,Lynn
McCulloch County,County Total,0,0,1,4,18,64,10,97,7897,NA,2018,McCulloch
McLennan County,County Total,3,211,142,712,1472,5037,490,8067,249344,NA,2018,McLennan
McMullen County,County Total,0,0,0,1,5,12,1,19,787,NA,2018,McMullen
Madison County,County Total,0,2,4,19,51,119,12,207,14174,NA,2018,Madison
Marion County,County Total,1,4,1,33,52,67,5,163,9977,NA,2018,Marion
Martin County,County Total,0,4,1,7,9,51,11,83,5739,NA,2018,Martin
Mason County,County Total,0,0,0,1,7,9,1,18,4242,NA,2018,Mason
Matagorda County,County Total,5,21,22,110,266,802,47,1273,36756,NA,2018,Matagorda
Maverick County,County Total,1,4,13,55,162,530,21,786,58611,NA,2018,Maverick
Medina County,County Total,1,31,6,79,166,540,67,890,48678,NA,2018,Medina
Menard County,County Total,0,0,0,1,13,0,0,14,2103,NA,2018,Menard
Midland County,County Total,9,63,67,381,464,2470,389,3843,166949,NA,2018,Midland
Milam County,County Total,1,8,4,44,86,197,24,364,25040,NA,2018,Milam
Mills County,County Total,0,0,0,2,6,7,1,16,4901,NA,2018,Mills
Mitchell County,County Total,0,0,1,6,45,98,8,158,8319,NA,2018,Mitchell
Montague County,County Total,0,4,6,36,85,132,22,285,18448,NA,2018,Montague
Montgomery County,County Total,14,190,197,765,1368,5650,707,8891,580733,NA,2018,Montgomery
Moore County,County Total,0,7,1,32,49,233,37,359,22048,NA,2018,Moore
Morris County,County Total,0,7,1,43,42,86,8,187,12363,NA,2018,Morris
Motley County,County Total,0,0,0,1,1,3,0,5,1231,NA,2018,Motley
Nacogdoches County,County Total,4,26,30,109,301,966,61,1497,65526,NA,2018,Nacogdoches
Navarro County,County Total,4,39,15,134,263,728,65,1248,47157,NA,2018,Navarro
Newton County,County Total,1,0,1,22,43,55,20,142,13844,NA,2018,Newton
Nolan County,County Total,0,7,5,47,154,168,18,399,13375,NA,2018,Nolan
Nueces County,County Total,30,319,529,1925,2398,9775,984,15960,363284,NA,2018,Nueces
Ochiltree County,County Total,0,6,0,27,60,124,9,226,10033,NA,2018,Ochiltree
Oldham County,County Total,0,0,0,2,2,3,1,8,2117,NA,2018,Oldham
Orange County,County Total,2,44,29,155,396,820,172,1618,84711,NA,2018,Orange
Palo Pinto County,County Total,0,5,10,39,153,298,46,551,28717,NA,2018,Palo Pinto
Panola County,County Total,2,16,5,49,123,336,18,549,22846,NA,2018,Panola
Parker County,County Total,2,60,18,163,324,1157,128,1852,133333,NA,2018,Parker
Parmer County,County Total,0,2,2,11,16,26,9,66,9756,NA,2018,Parmer
Pecos County,County Total,1,3,2,59,67,119,13,264,15607,NA,2018,Pecos
Polk County,County Total,1,22,12,84,232,534,65,950,49580,NA,2018,Polk
Potter County,County Total,12,210,305,1138,1581,6169,937,10352,216266,NA,2018,Potter
Presidio County,County Total,0,0,0,6,1,3,1,11,4732,NA,2018,Presidio
Rains County,County Total,0,1,0,17,28,63,11,120,11857,NA,2018,Rains
Randall County,County Total,0,26,7,35,87,282,28,465,39723,NA,2018,Randall
Reagan County,County Total,0,0,0,8,12,41,6,67,3754,NA,2018,Reagan
Real County,County Total,0,0,0,6,18,26,3,53,3435,NA,2018,Real
Red River County,County Total,0,4,0,19,41,37,4,105,8937,NA,2018,Red River
Reeves County,County Total,0,17,6,105,26,240,5,399,15457,NA,2018,Reeves
Refugio County,County Total,0,0,0,11,15,39,6,71,7183,NA,2018,Refugio
Roberts County,County Total,0,0,0,0,0,7,0,7,937,NA,2018,Roberts
Robertson County,County Total,1,8,8,27,75,142,24,285,17250,NA,2018,Robertson
Rockwall County,County Total,1,35,9,54,95,906,112,1212,92379,NA,2018,Rockwall
Runnels County,County Total,0,0,1,26,48,62,3,140,10203,NA,2018,Runnels
Rusk County,County Total,0,15,13,141,293,731,81,1274,49509,NA,2018,Rusk
Sabine County,County Total,0,5,0,32,63,63,17,180,9570,NA,2018,Sabine
San Augustine County,County Total,0,3,1,17,26,25,7,79,8147,NA,2018,San Augustine
San Jacinto County,County Total,0,16,2,24,144,168,48,402,28457,NA,2018,San Jacinto
San Patricio County,County Total,4,26,10,146,265,855,75,1381,59969,NA,2018,San Patricio
San Saba County,County Total,0,1,0,15,42,36,5,99,5919,NA,2018,San Saba
Schleicher County,County Total,0,0,0,0,3,21,3,27,2928,NA,2018,Schleicher
Scurry County,County Total,0,5,2,34,65,155,5,266,17020,NA,2018,Scurry
Shackelford County,County Total,0,0,0,0,3,4,2,9,3311,NA,2018,Shackelford
Shelby County,County Total,1,6,1,31,102,205,7,353,24309,NA,2018,Shelby
Sherman County,County Total,0,1,0,0,4,0,0,5,978,NA,2018,Sherman
Smith County,County Total,17,149,97,510,884,3667,365,5689,229600,NA,2018,Smith
Somervell County,County Total,1,1,1,2,6,28,1,40,8871,NA,2018,Somervell
Starr County,County Total,0,15,7,132,109,331,47,641,64758,NA,2018,Starr
Stephens County,County Total,2,4,1,8,55,117,7,194,9272,NA,2018,Stephens
Sterling County,County Total,0,0,0,1,1,3,0,5,1316,NA,2018,Sterling
Stonewall County,County Total,0,0,0,4,1,2,0,7,1369,NA,2018,Stonewall
Sutton County,County Total,0,2,1,4,1,24,2,34,3717,NA,2018,Sutton
Swisher County,County Total,0,3,3,31,38,94,10,179,7507,NA,2018,Swisher
Tarrant County,County Total,71,1114,1807,4757,7868,38896,5543,60056,2027460,NA,2018,Tarrant
Taylor County,County Total,8,147,105,416,805,2724,241,4446,142229,NA,2018,Taylor
Terrell County,County Total,0,0,0,0,0,0,0,0,783,NA,2018,Terrell
Terry County,County Total,1,5,2,37,54,110,16,225,12684,NA,2018,Terry
Throckmorton County,County Total,0,1,0,3,5,0,0,9,1508,NA,2018,Throckmorton
Titus County,County Total,2,22,11,81,130,559,42,847,32882,NA,2018,Titus
Tom Green County,County Total,3,97,51,246,703,2793,264,4157,118773,NA,2018,Tom Green
Travis County,County Total,38,956,1096,2718,5504,30780,2913,44005,1294044,NA,2018,Travis
Trinity County,County Total,0,2,0,16,52,92,23,185,11860,NA,2018,Trinity
Tyler County,County Total,1,10,5,55,150,81,33,335,21447,NA,2018,Tyler
Upshur County,County Total,4,10,6,95,148,193,30,486,36833,NA,2018,Upshur
Upton County,County Total,0,0,0,1,0,16,2,19,3703,NA,2018,Upton
Uvalde County,County Total,1,11,7,37,144,544,25,769,27156,NA,2018,Uvalde
Val Verde County,County Total,1,14,3,31,199,622,23,893,49099,NA,2018,Val Verde
Van Zandt County,County Total,0,9,3,16,107,207,37,379,53916,NA,2018,Van Zandt
Victoria County,County Total,9,85,51,256,497,1786,132,2816,92593,NA,2018,Victoria
Walker County,County Total,1,39,19,145,181,631,71,1087,72631,NA,2018,Walker
Waller County,County Total,1,54,21,129,175,566,41,987,51297,NA,2018,Waller
Ward County,County Total,1,4,1,34,70,175,9,294,11572,NA,2018,Ward
Washington County,County Total,0,28,15,63,78,351,28,563,35139,NA,2018,Washington
Webb County,County Total,10,156,145,658,795,5697,169,7630,272783,NA,2018,Webb
Wharton County,County Total,3,17,8,111,163,527,39,868,41950,NA,2018,Wharton
Wheeler County,County Total,0,0,0,0,11,24,6,41,5340,NA,2018,Wheeler
Wichita County,County Total,6,95,140,230,742,2722,296,4231,131660,NA,2018,Wichita
Wilbarger County,County Total,0,5,3,39,73,204,10,334,12625,NA,2018,Wilbarger
Willacy County,County Total,2,13,10,160,173,379,18,755,21433,NA,2018,Willacy
Williamson County,County Total,5,190,79,375,960,5474,270,7353,524366,NA,2018,Williamson
Wilson County,County Total,2,3,4,25,109,168,17,328,50118,NA,2018,Wilson
Winkler County,County Total,0,6,1,31,29,71,17,155,7627,NA,2018,Winkler
Wise County,County Total,4,24,6,107,129,368,53,691,67071,NA,2018,Wise
Wood County,County Total,0,36,0,64,89,246,32,467,45237,NA,2018,Wood
Yoakum County,County Total,0,5,0,2,16,40,9,72,8653,NA,2018,Yoakum
Young County,County Total,0,12,4,19,48,102,11,196,17853,NA,2018,Young
Zapata County,County Total,0,1,1,5,91,102,9,209,14316,NA,2018,Zapata
Zavala County,County Total,0,5,2,8,54,41,2,112,11947,NA,2018,Zavala
Anderson County,County Total,2,23,14,100,249,514,82,984,57657,NA,2019,Anderson
Andrews County,County Total,0,14,3,68,69,190,23,367,18473,NA,2019,Andrews
Angelina County,County Total,2,56,40,199,505,1590,183,2575,86568,NA,2019,Angelina
Aransas County,County Total,0,25,12,110,282,728,65,1222,31112,NA,2019,Aransas
Archer County,County Total,0,3,0,3,2,0,0,8,1732,NA,2019,Archer
Armstrong County,County Total,0,0,0,1,10,5,3,19,1879,NA,2019,Armstrong
Atascosa County,County Total,2,9,12,68,221,675,125,1112,51329,NA,2019,Atascosa
Austin County,County Total,0,5,3,38,80,147,29,302,30009,NA,2019,Austin
Bailey County,County Total,0,1,0,6,20,35,2,64,6968,NA,2019,Bailey
Bandera County,County Total,0,2,1,16,95,143,27,284,22980,NA,2019,Bandera
Bastrop County,County Total,6,57,30,179,271,794,137,1474,89191,NA,2019,Bastrop
Baylor County,County Total,0,1,0,4,6,18,4,33,3545,NA,2019,Baylor
Bee County,County Total,2,4,5,40,164,338,20,573,32474,NA,2019,Bee
Bell County,County Total,19,240,193,570,1383,4954,618,7977,357960,NA,2019,Bell
Bexar County,County Total,122,1821,2122,8138,9706,58699,8624,89232,2010637,NA,2019,Bexar
Blanco County,County Total,0,6,1,12,23,25,12,79,11786,NA,2019,Blanco
Borden County,County Total,0,1,0,0,5,4,1,11,645,NA,2019,Borden
Bosque County,County Total,0,3,0,24,46,42,11,126,17136,NA,2019,Bosque
Bowie County,County Total,4,66,48,294,501,1810,130,2853,93943,NA,2019,Bowie
Brazoria County,County Total,10,123,133,400,1002,4759,472,6899,381928,NA,2019,Brazoria
Brazos County,County Total,5,177,107,373,841,3502,355,5360,229532,NA,2019,Brazos
Brewster County,County Total,1,2,0,16,31,15,6,71,9210,NA,2019,Brewster
Briscoe County,County Total,0,0,0,0,3,1,1,5,1493,NA,2019,Briscoe
Brooks County,County Total,0,0,1,15,48,62,1,127,7057,NA,2019,Brooks
Brown County,County Total,1,33,7,87,191,649,59,1027,37667,NA,2019,Brown
Burleson County,County Total,1,7,3,16,44,97,4,172,18422,NA,2019,Burleson
Burnet County,County Total,0,31,8,85,164,400,57,745,49857,NA,2019,Burnet
Caldwell County,County Total,0,13,3,61,67,260,23,427,41896,NA,2019,Caldwell
Calhoun County,County Total,0,16,3,54,80,175,14,342,19260,NA,2019,Calhoun
Callahan County,County Total,0,1,0,8,58,55,14,136,13968,NA,2019,Callahan
Cameron County,County Total,4,239,238,1119,1681,8697,359,12337,423309,NA,2019,Cameron
Camp County,County Total,0,6,1,22,38,82,12,161,13033,NA,2019,Camp
Carson County,County Total,1,2,3,23,21,23,6,79,5948,NA,2019,Carson
Cass County,County Total,1,19,6,70,110,281,27,514,29496,NA,2019,Cass
Castro County,County Total,0,4,0,25,24,39,10,102,7562,NA,2019,Castro
Chambers County,County Total,1,13,9,67,145,529,105,869,38973,NA,2019,Chambers
Cherokee County,County Total,3,11,6,95,241,461,88,905,52337,NA,2019,Cherokee
Childress County,County Total,0,1,0,4,14,25,4,48,7273,NA,2019,Childress
Clay County,County Total,0,8,0,8,33,49,21,119,10356,NA,2019,Clay
Cochran County,County Total,0,0,0,3,12,15,0,30,2782,NA,2019,Cochran
Coke County,County Total,0,0,0,2,10,0,4,16,3356,NA,2019,Coke
Coleman County,County Total,1,6,0,20,22,15,2,66,5373,NA,2019,Coleman
Collin County,County Total,7,297,244,635,1457,9730,881,13251,1016192,NA,2019,Collin
Colorado County,County Total,1,11,3,25,55,156,20,271,21127,NA,2019,Colorado
Comal County,County Total,2,61,34,264,407,1281,172,2221,166905,NA,2019,Comal
Comanche County,County Total,2,2,1,13,43,143,15,219,13398,NA,2019,Comanche
Concho County,County Total,0,0,0,11,8,0,0,19,4272,NA,2019,Concho
Cooke County,County Total,3,20,8,89,97,352,23,592,39747,NA,2019,Cooke
Coryell County,County Total,0,30,7,127,185,737,27,1113,74917,NA,2019,Coryell
Crane County,County Total,0,3,0,4,7,7,6,27,4820,NA,2019,Crane
Crockett County,County Total,0,0,1,1,9,5,4,20,3453,NA,2019,Crockett
Crosby County,County Total,0,1,1,3,29,13,4,51,4553,NA,2019,Crosby
Culberson County,County Total,0,0,0,0,0,0,0,0,2166,NA,2019,Culberson
Dallam County,County Total,0,5,0,28,54,104,19,210,9878,NA,2019,Dallam
Dallas County,County Total,250,1261,5911,8436,13530,53921,15985,99294,2943177,NA,2019,Dallas
Dawson County,County Total,2,7,12,55,136,296,30,538,12284,NA,2019,Dawson
Deaf Smith County,County Total,0,2,5,82,85,249,36,459,18557,NA,2019,Deaf Smith
Delta County,County Total,0,0,0,1,10,16,1,28,5329,NA,2019,Delta
Denton County,County Total,10,404,185,488,1114,6740,734,9675,675245,NA,2019,Denton
DeWitt County,County Total,1,13,0,58,74,215,16,377,15907,NA,2019,DeWitt
Dickens County,County Total,0,0,0,1,5,1,2,9,2212,NA,2019,Dickens
Dimmit County,County Total,1,2,0,8,39,93,7,150,10280,NA,2019,Dimmit
Donley County,County Total,2,0,0,2,12,16,2,34,3250,NA,2019,Donley
Duval County,County Total,0,4,0,19,30,53,42,148,11988,NA,2019,Duval
Eastland County,County Total,3,15,1,18,65,89,14,205,17345,NA,2019,Eastland
Ector County,County Total,17,155,149,1153,715,3689,866,6744,166736,NA,2019,Ector
Edwards County,County Total,0,1,0,1,1,2,2,7,1908,NA,2019,Edwards
Ellis County,County Total,3,38,39,132,379,1672,174,2437,173487,NA,2019,Ellis
El Paso County,County Total,41,390,363,2052,1306,9750,1018,14920,840222,NA,2019,El Paso
Erath County,County Total,2,32,9,59,131,405,23,661,42779,NA,2019,Erath
Falls County,County Total,0,4,10,24,47,49,15,149,15069,NA,2019,Falls
Fannin County,County Total,2,18,2,42,84,262,41,451,32485,NA,2019,Fannin
Fayette County,County Total,0,18,1,36,71,185,14,325,25289,NA,2019,Fayette
Fisher County,County Total,0,0,0,0,9,5,0,14,3799,NA,2019,Fisher
Floyd County,County Total,0,2,1,26,16,41,3,89,5735,NA,2019,Floyd
Foard County,County Total,0,0,0,0,1,2,0,3,338,NA,2019,Foard
Fort Bend County,County Total,15,224,231,1005,1252,7180,569,10476,772362,NA,2019,Fort Bend
Franklin County,County Total,0,1,-1,5,10,15,2,32,10020,NA,2019,Franklin
Freestone County,County Total,1,7,3,38,91,138,18,296,19684,NA,2019,Freestone
Frio County,County Total,0,0,1,24,94,123,25,267,20035,NA,2019,Frio
Gaines County,County Total,2,5,2,29,56,127,19,240,21224,NA,2019,Gaines
Galveston County,County Total,16,255,200,444,1016,5270,754,7955,347631,NA,2019,Galveston
Garza County,County Total,0,5,0,10,17,11,2,45,6551,NA,2019,Garza
Gillespie County,County Total,1,3,1,20,17,163,6,211,26884,NA,2019,Gillespie
Glasscock County,County Total,0,0,0,1,5,16,5,27,1400,NA,2019,Glasscock
Goliad County,County Total,1,3,2,16,19,49,11,101,7583,NA,2019,Goliad
Gonzales County,County Total,1,18,1,92,57,217,22,408,20835,NA,2019,Gonzales
Gray County,County Total,0,18,8,115,166,519,33,859,21690,NA,2019,Gray
Grayson County,County Total,5,70,40,223,492,1448,214,2492,132673,NA,2019,Grayson
Gregg County,County Total,9,95,77,337,638,2453,293,3902,131168,NA,2019,Gregg
Grimes County,County Total,0,12,4,21,124,164,40,365,28406,NA,2019,Grimes
Guadalupe County,County Total,3,74,31,160,320,1533,121,2242,152024,NA,2019,Guadalupe
Hale County,County Total,0,5,4,55,157,421,32,674,32021,NA,2019,Hale
Hall County,County Total,1,0,1,2,9,9,0,22,2841,NA,2019,Hall
Hamilton County,County Total,0,5,0,9,16,30,4,64,7043,NA,2019,Hamilton
Hansford County,County Total,0,1,0,4,7,6,6,24,5412,NA,2019,Hansford
Hardeman County,County Total,0,0,0,5,6,11,1,23,3870,NA,2019,Hardeman
Hardin County,County Total,3,7,7,77,129,336,79,638,57156,NA,2019,Hardin
Harris County,County Total,398,2651,11943,20016,26077,113197,20852,195134,4776485,NA,2019,Harris
Harrison County,County Total,6,4,20,152,352,837,112,1483,64461,NA,2019,Harrison
Hartley County,County Total,0,0,0,0,3,3,4,10,2867,NA,2019,Hartley
Haskell County,County Total,0,1,0,8,12,21,9,51,5734,NA,2019,Haskell
Hays County,County Total,9,141,58,251,476,2555,262,3752,230891,NA,2019,Hays
Hemphill County,County Total,0,3,0,2,1,12,0,18,3807,NA,2019,Hemphill
Henderson County,County Total,2,72,14,123,412,526,128,1277,79754,NA,2019,Henderson
Hidalgo County,County Total,21,447,336,1538,2525,15824,757,21448,863062,NA,2019,Hidalgo
Hill County,County Total,1,12,4,40,85,432,47,621,34877,NA,2019,Hill
Hockley County,County Total,2,28,10,121,142,320,30,653,22852,NA,2019,Hockley
Hood County,County Total,2,15,8,57,133,593,73,881,60425,NA,2019,Hood
Hopkins County,County Total,1,15,7,37,36,144,49,289,36783,NA,2019,Hopkins
Houston County,County Total,1,2,0,35,72,158,12,280,22962,NA,2019,Houston
Howard County,County Total,3,15,22,167,227,911,189,1534,36420,NA,2019,Howard
Hudspeth County,County Total,0,0,0,8,3,9,2,22,4972,NA,2019,Hudspeth
Hunt County,County Total,7,40,38,399,308,978,169,1939,91540,NA,2019,Hunt
Hutchinson County,County Total,0,18,4,32,103,253,25,435,19155,NA,2019,Hutchinson
Irion County,County Total,0,2,0,4,3,22,2,33,1502,NA,2019,Irion
Jack County,County Total,0,2,2,11,25,34,11,85,8768,NA,2019,Jack
Jackson County,County Total,1,4,2,9,29,92,13,150,14881,NA,2019,Jackson
Jasper County,County Total,3,18,2,84,241,469,78,895,35659,NA,2019,Jasper
Jeff Davis County,County Total,0,2,0,2,4,6,1,15,2227,NA,2019,Jeff Davis
Jefferson County,County Total,30,149,428,1196,1480,4578,591,8452,253726,NA,2019,Jefferson
Jim Hogg County,County Total,0,0,0,5,10,7,3,25,5210,NA,2019,Jim Hogg
Jim Wells County,County Total,0,11,11,188,362,778,51,1401,38341,NA,2019,Jim Wells
Johnson County,County Total,1,105,38,322,436,1502,238,2642,181033,NA,2019,Johnson
Jones County,County Total,0,2,1,9,46,79,8,145,14032,NA,2019,Jones
Karnes County,County Total,1,2,2,50,99,158,29,341,15650,NA,2019,Karnes
Kaufman County,County Total,4,53,32,144,414,1289,227,2163,131039,NA,2019,Kaufman
Kendall County,County Total,0,8,4,32,48,353,49,494,44724,NA,2019,Kendall
Kenedy County,County Total,0,0,0,0,2,3,3,8,442,NA,2019,Kenedy
Kent County,County Total,0,0,0,4,2,3,0,9,711,NA,2019,Kent
Kerr County,County Total,2,31,1,71,81,417,35,638,52432,NA,2019,Kerr
Kimble County,County Total,0,2,1,8,7,3,3,24,4306,NA,2019,Kimble
Kinney County,County Total,0,0,0,0,1,0,0,1,2007,NA,2019,Kinney
Kleberg County,County Total,3,31,14,101,209,612,28,998,30823,NA,2019,Kleberg
Knox County,County Total,0,2,0,1,24,14,5,46,3622,NA,2019,Knox
Lamar County,County Total,1,41,21,228,222,608,70,1191,49404,NA,2019,Lamar
Lamb County,County Total,0,9,4,30,72,134,17,266,12975,NA,2019,Lamb
Lampasas County,County Total,1,4,1,20,40,234,13,313,18657,NA,2019,Lampasas
La Salle County,County Total,0,0,1,5,7,37,0,50,7565,NA,2019,La Salle
Lavaca County,County Total,2,7,3,31,91,107,9,250,22191,NA,2019,Lavaca
Lee County,County Total,0,9,3,39,29,147,15,242,15906,NA,2019,Lee
Leon County,County Total,0,0,0,11,144,80,11,246,15395,NA,2019,Leon
Liberty County,County Total,2,54,16,159,382,1038,198,1849,87220,NA,2019,Liberty
Limestone County,County Total,0,6,2,29,83,104,10,234,23373,NA,2019,Limestone
Lipscomb County,County Total,0,0,0,0,2,2,0,4,3344,NA,2019,Lipscomb
Live Oak County,County Total,0,1,1,3,1,9,2,17,4531,NA,2019,Live Oak
Llano County,County Total,1,3,0,26,41,98,16,185,18627,NA,2019,Llano
Loving County,County Total,0,0,0,1,3,16,3,23,164,NA,2019,Loving
Lubbock County,County Total,13,292,470,1908,2560,8961,1314,15518,306337,NA,2019,Lubbock
Lynn County,County Total,0,0,0,1,8,8,5,22,5951,NA,2019,Lynn
McCulloch County,County Total,0,1,0,11,38,43,8,101,7907,NA,2019,McCulloch
McLennan County,County Total,14,161,157,749,1085,4971,551,7688,253474,NA,2019,McLennan
McMullen County,County Total,0,0,0,0,1,10,1,12,749,NA,2019,McMullen
Madison County,County Total,0,1,4,22,40,35,21,123,14336,NA,2019,Madison
Marion County,County Total,0,0,5,17,40,37,10,109,9798,NA,2019,Marion
Martin County,County Total,0,2,1,6,13,63,10,95,5848,NA,2019,Martin
Mason County,County Total,0,1,0,7,4,5,1,18,4288,NA,2019,Mason
Matagorda County,County Total,0,39,12,116,250,839,53,1309,36303,NA,2019,Matagorda
Maverick County,County Total,1,4,7,39,270,705,73,1099,58640,NA,2019,Maverick
Medina County,County Total,2,23,8,122,139,445,101,840,49360,NA,2019,Medina
Menard County,County Total,0,0,1,2,1,0,0,4,2115,NA,2019,Menard
Midland County,County Total,4,37,23,283,236,1838,392,2813,174343,NA,2019,Midland
Milam County,County Total,2,5,2,32,65,194,34,334,25033,NA,2019,Milam
Mills County,County Total,0,1,0,14,12,9,0,36,4884,NA,2019,Mills
Mitchell County,County Total,0,0,2,12,45,96,14,169,7950,NA,2019,Mitchell
Montague County,County Total,0,7,3,54,107,131,9,311,18444,NA,2019,Montague
Montgomery County,County Total,14,147,169,811,1539,5733,779,9192,598274,NA,2019,Montgomery
Moore County,County Total,2,11,2,34,62,223,50,384,21287,NA,2019,Moore
Morris County,County Total,0,4,5,22,37,103,12,183,12185,NA,2019,Morris
Motley County,County Total,0,1,0,0,1,2,0,4,1230,NA,2019,Motley
Nacogdoches County,County Total,4,26,28,119,249,832,97,1355,65428,NA,2019,Nacogdoches
Navarro County,County Total,2,63,20,155,199,715,71,1225,49469,NA,2019,Navarro
Newton County,County Total,0,4,1,23,64,59,13,164,13575,NA,2019,Newton
Nolan County,County Total,0,2,4,29,124,169,18,346,13321,NA,2019,Nolan
Nueces County,County Total,33,301,515,2129,2151,9180,946,15255,362810,NA,2019,Nueces
Ochiltree County,County Total,0,2,0,9,31,86,9,137,9860,NA,2019,Ochiltree
Oldham County,County Total,0,0,0,0,4,2,0,6,2128,NA,2019,Oldham
Orange County,County Total,1,29,27,162,369,820,162,1570,82765,NA,2019,Orange
Palo Pinto County,County Total,1,12,4,22,176,318,43,576,28960,NA,2019,Palo Pinto
Panola County,County Total,3,13,5,52,99,321,34,527,22672,NA,2019,Panola
Parker County,County Total,3,53,14,117,273,1020,147,1627,137932,NA,2019,Parker
Parmer County,County Total,0,1,1,7,17,27,10,63,9753,NA,2019,Parmer
Pecos County,County Total,0,3,1,24,41,103,26,198,15594,NA,2019,Pecos
Polk County,County Total,6,43,9,55,260,667,133,1173,50320,NA,2019,Polk
Potter County,County Total,16,173,252,1054,1488,5578,1019,9580,215737,NA,2019,Potter
Presidio County,County Total,0,2,0,4,2,6,0,14,6798,NA,2019,Presidio
Rains County,County Total,0,0,0,10,22,31,7,70,12246,NA,2019,Rains
Randall County,County Total,0,30,6,41,132,265,41,515,40294,NA,2019,Randall
Reagan County,County Total,0,0,0,7,11,18,3,39,3769,NA,2019,Reagan
Real County,County Total,0,0,0,3,15,39,5,62,3477,NA,2019,Real
Red River County,County Total,0,2,2,27,45,49,12,137,12014,NA,2019,Red River
Reeves County,County Total,3,6,3,89,48,192,56,397,15845,NA,2019,Reeves
Refugio County,County Total,0,2,0,7,36,34,7,86,6947,NA,2019,Refugio
Roberts County,County Total,0,0,0,0,1,1,0,2,895,NA,2019,Roberts
Robertson County,County Total,1,1,3,25,95,170,34,329,17269,NA,2019,Robertson
Rockwall County,County Total,2,36,10,56,124,885,114,1227,95741,NA,2019,Rockwall
Runnels County,County Total,0,1,2,16,39,38,3,99,10136,NA,2019,Runnels
Rusk County,County Total,5,18,5,86,231,695,86,1126,51119,NA,2019,Rusk
Sabine County,County Total,0,5,0,8,42,25,10,90,10489,NA,2019,Sabine
San Augustine County,County Total,0,1,0,12,34,16,7,70,8107,NA,2019,San Augustine
San Jacinto County,County Total,0,26,1,17,115,173,42,374,28832,NA,2019,San Jacinto
San Patricio County,County Total,2,30,15,113,218,703,92,1173,58891,NA,2019,San Patricio
San Saba County,County Total,0,2,0,11,30,39,7,89,6006,NA,2019,San Saba
Schleicher County,County Total,0,0,0,4,6,6,1,17,2809,NA,2019,Schleicher
Scurry County,County Total,0,9,2,155,88,161,19,434,16753,NA,2019,Scurry
Shackelford County,County Total,0,0,0,5,1,2,0,8,3217,NA,2019,Shackelford
Shelby County,County Total,2,10,4,59,111,223,45,454,24119,NA,2019,Shelby
Sherman County,County Total,0,0,0,0,3,5,0,8,3067,NA,2019,Sherman
Smith County,County Total,7,138,82,551,922,3660,428,5788,231299,NA,2019,Smith
Somervell County,County Total,0,0,0,4,11,16,3,34,9026,NA,2019,Somervell
Starr County,County Total,1,17,7,121,162,399,77,784,64552,NA,2019,Starr
Stephens County,County Total,0,1,1,12,29,84,12,139,9352,NA,2019,Stephens
Sterling County,County Total,0,0,1,1,3,8,2,15,1327,NA,2019,Sterling
Stonewall County,County Total,0,0,0,1,0,0,0,1,1338,NA,2019,Stonewall
Sutton County,County Total,0,1,0,0,3,7,5,16,3699,NA,2019,Sutton
Swisher County,County Total,0,4,7,25,40,115,8,199,6766,NA,2019,Swisher
Tarrant County,County Total,103,1116,1697,4692,6998,37792,5960,58358,2050205,NA,2019,Tarrant
Taylor County,County Total,6,112,71,348,654,2462,217,3870,143159,NA,2019,Taylor
Terry County,County Total,0,6,0,20,41,89,21,177,12162,NA,2019,Terry
Throckmorton County,County Total,0,0,2,2,2,4,2,12,1491,NA,2019,Throckmorton
Titus County,County Total,2,29,14,95,128,457,43,768,32903,NA,2019,Titus
Tom Green County,County Total,7,110,33,284,610,2634,258,3936,118416,NA,2019,Tom Green
Travis County,County Total,37,760,1129,3223,5333,33853,3554,47889,1313366,NA,2019,Travis
Trinity County,County Total,0,1,1,4,28,35,10,79,11881,NA,2019,Trinity
Tyler County,County Total,5,6,1,57,122,96,39,326,21552,NA,2019,Tyler
Upshur County,County Total,0,11,8,54,108,206,29,416,37915,NA,2019,Upshur
Upton County,County Total,0,0,0,2,3,25,3,33,3693,NA,2019,Upton
Uvalde County,County Total,2,10,4,53,106,588,23,786,26728,NA,2019,Uvalde
Val Verde County,County Total,2,13,10,42,153,497,47,764,48927,NA,2019,Val Verde
Van Zandt County,County Total,2,11,2,37,120,282,59,513,54595,NA,2019,Van Zandt
Victoria County,County Total,6,90,55,298,509,1713,169,2840,92120,NA,2019,Victoria
Walker County,County Total,0,36,26,189,176,641,94,1162,72570,NA,2019,Walker
Waller County,County Total,3,41,23,91,154,469,72,853,52852,NA,2019,Waller
Ward County,County Total,1,8,4,50,56,280,18,417,11796,NA,2019,Ward
Washington County,County Total,0,26,8,109,110,355,36,644,35066,NA,2019,Washington
Webb County,County Total,6,122,169,609,771,3877,328,5882,272676,NA,2019,Webb
Wharton County,County Total,1,18,25,103,177,559,61,944,41400,NA,2019,Wharton
Wheeler County,County Total,0,0,0,5,1,7,3,16,3325,NA,2019,Wheeler
Wichita County,County Total,4,115,92,227,676,2688,278,4080,131269,NA,2019,Wichita
Wilbarger County,County Total,0,11,4,36,47,148,11,257,12657,NA,2019,Wilbarger
Willacy County,County Total,0,18,4,134,161,227,12,556,21293,NA,2019,Willacy
Williamson County,County Total,8,178,87,320,804,4994,321,6712,540695,NA,2019,Williamson
Wilson County,County Total,0,9,1,37,149,225,35,456,50870,NA,2019,Wilson
Winkler County,County Total,2,3,1,26,71,125,32,260,7756,NA,2019,Winkler
Wise County,County Total,3,23,7,78,146,463,59,779,69118,NA,2019,Wise
Wood County,County Total,0,41,6,46,111,249,48,501,45954,NA,2019,Wood
Yoakum County,County Total,0,2,0,2,33,39,9,85,8634,NA,2019,Yoakum
Young County,County Total,1,11,3,21,50,87,15,188,17873,NA,2019,Young
Zapata County,County Total,0,1,5,46,76,105,2,235,14114,NA,2019,Zapata
Zavala County,County Total,0,4,0,17,41,27,5,94,11940,NA,2019,Zavala
Anderson County,County Total,4,15,7,109,208,456,70,869,57474,NA,2020,Anderson
Andrews County,County Total,2,13,2,51,46,330,33,477,19130,NA,2020,Andrews
Angelina County,County Total,4,55,55,293,1122,1483,201,3213,86399,NA,2020,Angelina
Aransas County,County Total,4,18,8,110,297,671,60,1168,31073,NA,2020,Aransas
Archer County,County Total,0,0,0,1,4,10,2,17,1687,NA,2020,Archer
Armstrong County,County Total,0,0,0,0,0,3,1,4,1880,NA,2020,Armstrong
Atascosa County,County Total,5,5,11,82,187,652,114,1056,52332,NA,2020,Atascosa
Austin County,County Total,3,6,3,33,72,133,31,281,30121,NA,2020,Austin
Bailey County,County Total,0,2,0,1,8,23,9,43,6960,NA,2020,Bailey
Bandera County,County Total,0,5,0,13,60,123,20,221,23336,NA,2020,Bandera
Bastrop County,County Total,1,38,33,199,182,685,135,1273,91221,NA,2020,Bastrop
Baylor County,County Total,0,2,0,7,4,15,9,37,3476,NA,2020,Baylor
Bee County,County Total,0,2,6,64,151,391,28,642,32534,NA,2020,Bee
Bell County,County Total,43,218,210,1066,1249,4743,954,8483,366533,NA,2020,Bell
Bexar County,County Total,154,1450,2320,9018,9702,48934,8049,79627,2034193,NA,2020,Bexar
Blanco County,County Total,1,1,1,27,30,45,7,112,12061,NA,2020,Blanco
Borden County,County Total,0,1,0,0,6,5,1,13,653,NA,2020,Borden
Bosque County,County Total,1,0,0,8,41,54,6,110,18682,NA,2020,Bosque
Bowie County,County Total,3,70,42,266,373,1146,193,2093,92995,NA,2020,Bowie
Brazoria County,County Total,13,118,108,457,708,4303,505,6212,386756,NA,2020,Brazoria
Brazos County,County Total,9,184,80,468,675,3494,401,5311,232487,NA,2020,Brazos
Brewster County,County Total,0,2,0,8,38,21,9,78,9166,NA,2020,Brewster
Briscoe County,County Total,0,0,0,1,0,3,3,7,1532,NA,2020,Briscoe
Brooks County,County Total,0,0,0,32,47,59,2,140,7056,NA,2020,Brooks
Brown County,County Total,0,38,13,96,212,615,64,1038,37712,NA,2020,Brown
Burleson County,County Total,0,6,0,31,57,120,15,229,18520,NA,2020,Burleson
Burnet County,County Total,3,26,5,85,112,331,57,619,50632,NA,2020,Burnet
Caldwell County,County Total,1,17,7,59,68,234,41,427,43708,NA,2020,Caldwell
Calhoun County,County Total,1,13,2,33,57,119,25,250,19036,NA,2020,Calhoun
Callahan County,County Total,0,0,0,19,38,56,18,131,13944,NA,2020,Callahan
Cameron County,County Total,13,181,246,1077,1162,6615,393,9687,423478,NA,2020,Cameron
Camp County,County Total,0,7,3,37,34,71,18,170,13129,NA,2020,Camp
Carson County,County Total,0,0,0,14,10,14,5,43,5881,NA,2020,Carson
Cass County,County Total,1,7,2,36,133,220,47,446,29491,NA,2020,Cass
Castro County,County Total,0,0,0,4,10,26,8,48,7442,NA,2020,Castro
Chambers County,County Total,4,16,8,106,117,513,98,862,40518,NA,2020,Chambers
Cherokee County,County Total,1,15,3,89,217,460,96,881,52381,NA,2020,Cherokee
Childress County,County Total,0,2,0,7,11,23,7,50,7308,NA,2020,Childress
Clay County,County Total,0,3,1,9,34,49,9,105,10406,NA,2020,Clay
Cochran County,County Total,0,0,0,3,14,22,9,48,2812,NA,2020,Cochran
Coke County,County Total,0,0,0,3,9,7,2,21,3383,NA,2020,Coke
Coleman County,County Total,0,2,2,18,8,7,5,42,5228,NA,2020,Coleman
Collin County,County Total,9,335,223,715,1395,9343,939,12959,1055292,NA,2020,Collin
Collingsworth County,County Total,0,0,0,0,0,0,0,0,2896,NA,2020,Collingsworth
Colorado County,County Total,3,1,9,22,96,156,39,326,21489,NA,2020,Colorado
Comal County,County Total,8,47,34,282,386,1320,236,2313,176360,NA,2020,Comal
Comanche County,County Total,4,4,1,13,45,134,12,213,13554,NA,2020,Comanche
Concho County,County Total,0,0,0,1,2,5,1,9,2617,NA,2020,Concho
Cooke County,County Total,4,25,12,67,131,476,70,785,40582,NA,2020,Cooke
Coryell County,County Total,5,9,15,161,182,706,69,1147,76414,NA,2020,Coryell
Crane County,County Total,0,2,0,3,5,15,5,30,4830,NA,2020,Crane
Crockett County,County Total,1,0,0,2,7,2,2,14,3427,NA,2020,Crockett
Crosby County,County Total,0,0,0,5,15,19,5,44,4549,NA,2020,Crosby
Culberson County,County Total,0,0,0,0,0,0,0,0,2140,NA,2020,Culberson
Dallam County,County Total,1,4,1,20,43,103,15,187,9926,NA,2020,Dallam
Dallas County,County Total,300,1194,4602,10340,14238,52869,16342,99885,2947321,NA,2020,Dallas
Dawson County,County Total,0,13,2,46,116,276,37,490,12451,NA,2020,Dawson
Deaf Smith County,County Total,0,0,11,109,79,212,44,455,18384,NA,2020,Deaf Smith
Delta County,County Total,0,1,0,1,9,3,1,15,5324,NA,2020,Delta
Denton County,County Total,14,385,176,614,1030,6515,926,9660,698492,NA,2020,Denton
DeWitt County,County Total,0,11,2,56,73,174,30,346,15941,NA,2020,DeWitt
Dickens County,County Total,0,0,0,0,4,0,1,5,2179,NA,2020,Dickens
Dimmit County,County Total,0,4,0,5,36,72,6,123,10101,NA,2020,Dimmit
Donley County,County Total,0,1,0,3,10,10,3,27,3220,NA,2020,Donley
Duval County,County Total,0,3,0,28,22,83,41,177,11934,NA,2020,Duval
Eastland County,County Total,1,14,3,20,77,102,33,250,17452,NA,2020,Eastland
Ector County,County Total,19,111,162,908,872,3323,889,6284,171497,NA,2020,Ector
Edwards County,County Total,0,0,0,0,0,0,0,0,1918,NA,2020,Edwards
Ellis County,County Total,3,60,51,168,351,1585,209,2427,180590,NA,2020,Ellis
El Paso County,County Total,37,353,326,1955,1056,8352,633,12712,840442,NA,2020,El Paso
Erath County,County Total,0,31,2,42,90,322,31,518,43118,NA,2020,Erath
Falls County,County Total,0,2,5,38,40,42,11,138,15090,NA,2020,Falls
Fannin County,County Total,0,15,4,50,57,200,25,351,32817,NA,2020,Fannin
Fayette County,County Total,0,16,2,36,63,166,37,320,25348,NA,2020,Fayette
Fisher County,County Total,0,0,0,11,3,4,2,20,3803,NA,2020,Fisher
Floyd County,County Total,0,1,1,11,21,38,5,77,5622,NA,2020,Floyd
Foard County,County Total,0,0,0,0,0,0,0,0,329,NA,2020,Foard
Fort Bend County,County Total,22,225,247,1035,1132,6607,684,9952,797951,NA,2020,Fort Bend
Franklin County,County Total,0,4,1,14,19,25,5,68,10007,NA,2020,Franklin
Freestone County,County Total,0,2,2,38,99,112,31,284,19641,NA,2020,Freestone
Frio County,County Total,1,3,2,29,189,95,21,340,20606,NA,2020,Frio
Gaines County,County Total,0,1,1,29,48,101,37,217,21902,NA,2020,Gaines
Galveston County,County Total,28,259,178,641,1088,5269,855,8318,360636,NA,2020,Galveston
Garza County,County Total,0,10,0,12,9,7,2,40,6184,NA,2020,Garza
Gillespie County,County Total,0,4,1,12,31,103,9,160,27141,NA,2020,Gillespie
Glasscock County,County Total,0,0,0,3,6,9,5,23,1425,NA,2020,Glasscock
Goliad County,County Total,0,1,1,20,31,42,9,104,7683,NA,2020,Goliad
Gonzales County,County Total,1,14,4,102,42,123,23,309,19752,NA,2020,Gonzales
Gray County,County Total,0,15,4,67,109,413,39,647,21750,NA,2020,Gray
Grayson County,County Total,9,77,40,262,450,1342,253,2433,135314,NA,2020,Grayson
Gregg County,County Total,14,92,62,274,568,2398,314,3722,131770,NA,2020,Gregg
Grimes County,County Total,0,18,11,52,108,172,57,418,29045,NA,2020,Grimes
Guadalupe County,County Total,0,79,27,153,336,1354,163,2112,154998,NA,2020,Guadalupe
Hale County,County Total,1,10,5,38,121,323,38,536,31710,NA,2020,Hale
Hall County,County Total,0,0,0,0,3,5,1,9,2786,NA,2020,Hall
Hamilton County,County Total,0,1,1,5,6,46,1,60,7015,NA,2020,Hamilton
Hansford County,County Total,0,1,0,9,5,10,4,29,5359,NA,2020,Hansford
Hardeman County,County Total,0,0,0,2,8,17,0,27,3896,NA,2020,Hardeman
Hardin County,County Total,2,17,6,49,127,311,110,622,57727,NA,2020,Hardin
Harris County,County Total,566,2610,11292,26099,24204,109140,23775,197686,4799254,NA,2020,Harris
Harrison County,County Total,5,9,18,179,251,615,113,1190,64448,NA,2020,Harrison
Hartley County,County Total,0,0,0,0,1,1,2,4,2905,NA,2020,Hartley
Haskell County,County Total,0,0,0,5,10,19,9,43,5581,NA,2020,Haskell
Hays County,County Total,10,169,59,317,510,2341,276,3682,239175,NA,2020,Hays
Hemphill County,County Total,0,6,0,1,2,8,0,17,3810,NA,2020,Hemphill
Henderson County,County Total,3,69,12,102,323,411,116,1036,79124,NA,2020,Henderson
Hidalgo County,County Total,38,432,271,1590,2060,12665,846,17902,859852,NA,2020,Hidalgo
Hill County,County Total,1,13,4,33,110,335,41,537,35291,NA,2020,Hill
Hockley County,County Total,2,19,7,114,159,276,61,638,22961,NA,2020,Hockley
Hood County,County Total,3,17,1,68,110,689,49,937,61659,NA,2020,Hood
Hopkins County,County Total,5,17,7,40,37,152,56,314,37172,NA,2020,Hopkins
Houston County,County Total,0,2,4,28,70,169,13,286,22813,NA,2020,Houston
Howard County,County Total,2,11,13,147,188,702,143,1206,36732,NA,2020,Howard
Hudspeth County,County Total,0,1,0,1,5,6,4,17,5068,NA,2020,Hudspeth
Hunt County,County Total,2,45,33,361,187,786,188,1602,93688,NA,2020,Hunt
Hutchinson County,County Total,0,11,1,35,125,268,42,482,20730,NA,2020,Hutchinson
Irion County,County Total,0,0,0,1,1,8,4,14,1524,NA,2020,Irion
Jack County,County Total,0,3,0,13,19,48,9,92,8898,NA,2020,Jack
Jackson County,County Total,0,4,5,22,57,110,21,219,14786,NA,2020,Jackson
Jasper County,County Total,2,18,4,83,184,364,96,751,33321,NA,2020,Jasper
Jeff Davis County,County Total,0,0,0,2,4,5,2,13,2259,NA,2020,Jeff Davis
Jefferson County,County Total,35,152,411,1513,1508,4116,632,8367,250621,NA,2020,Jefferson
Jim Hogg County,County Total,0,2,0,10,18,12,4,46,5173,NA,2020,Jim Hogg
Jim Wells County,County Total,2,20,11,181,351,656,86,1307,38123,NA,2020,Jim Wells
Johnson County,County Total,4,86,33,360,352,1473,255,2563,186315,NA,2020,Johnson
Jones County,County Total,2,1,1,13,41,71,15,144,14308,NA,2020,Jones
Karnes County,County Total,0,3,3,19,74,134,25,258,15629,NA,2020,Karnes
Kaufman County,County Total,5,55,36,149,342,1368,245,2200,139629,NA,2020,Kaufman
Kendall County,County Total,0,15,4,40,59,272,63,453,46604,NA,2020,Kendall
Kenedy County,County Total,0,0,0,2,0,3,7,12,402,NA,2020,Kenedy
Kent County,County Total,0,0,0,0,4,4,0,8,754,NA,2020,Kent
Kerr County,County Total,2,30,1,76,82,328,27,546,52759,NA,2020,Kerr
Kimble County,County Total,1,0,0,0,6,7,1,15,4294,NA,2020,Kimble
Kinney County,County Total,0,0,0,0,0,0,0,0,1977,NA,2020,Kinney
Kleberg County,County Total,1,30,12,95,143,457,23,761,30429,NA,2020,Kleberg
Knox County,County Total,0,2,0,3,8,8,1,22,2390,NA,2020,Knox
Lamar County,County Total,3,39,16,224,201,601,92,1176,49694,NA,2020,Lamar
Lamb County,County Total,2,3,1,34,91,140,22,293,12733,NA,2020,Lamb
Lampasas County,County Total,0,4,0,31,71,229,21,356,20005,NA,2020,Lampasas
La Salle County,County Total,0,1,1,20,6,23,0,51,7565,NA,2020,La Salle
Lavaca County,County Total,0,5,1,25,92,103,11,237,22304,NA,2020,Lavaca
Lee County,County Total,1,13,2,23,35,121,19,214,16027,NA,2020,Lee
Leon County,County Total,0,2,1,4,51,86,7,151,15570,NA,2020,Leon
Liberty County,County Total,14,56,18,245,289,829,257,1708,89450,NA,2020,Liberty
Limestone County,County Total,1,7,2,39,69,176,29,323,23349,NA,2020,Limestone
Lipscomb County,County Total,0,0,0,1,9,8,2,20,3217,NA,2020,Lipscomb
Live Oak County,County Total,0,0,3,3,4,0,1,11,4535,NA,2020,Live Oak
Llano County,County Total,0,6,1,25,55,179,28,294,18771,NA,2020,Llano
Loving County,County Total,0,0,0,2,1,15,1,19,183,NA,2020,Loving
Lubbock County,County Total,32,262,441,2244,2541,7996,1263,14779,310348,NA,2020,Lubbock
Lynn County,County Total,0,0,0,6,9,16,7,38,5216,NA,2020,Lynn
McCulloch County,County Total,0,4,1,14,44,36,15,114,7930,NA,2020,McCulloch
McLennan County,County Total,15,157,172,862,1276,4977,590,8049,256173,NA,2020,McLennan
McMullen County,County Total,0,0,0,0,4,5,0,9,744,NA,2020,McMullen
Madison County,County Total,0,1,2,20,37,59,11,130,14214,NA,2020,Madison
Marion County,County Total,0,2,1,19,41,61,12,136,9753,NA,2020,Marion
Martin County,County Total,0,1,0,11,12,83,7,114,5870,NA,2020,Martin
Mason County,County Total,0,0,0,3,5,6,0,14,4290,NA,2020,Mason
Matagorda County,County Total,9,37,16,125,168,740,65,1160,36511,NA,2020,Matagorda
Maverick County,County Total,4,2,7,77,246,572,78,986,59018,NA,2020,Maverick
Medina County,County Total,2,21,9,84,158,442,82,798,50179,NA,2020,Medina
Menard County,County Total,0,0,0,1,0,0,0,1,2121,NA,2020,Menard
Midland County,County Total,13,89,53,511,507,2713,672,4558,179087,NA,2020,Midland
Milam County,County Total,1,6,2,37,93,164,22,325,24757,NA,2020,Milam
Mills County,County Total,0,1,0,9,4,9,0,23,4846,NA,2020,Mills
Mitchell County,County Total,0,0,1,11,21,57,3,93,8427,NA,2020,Mitchell
Montague County,County Total,0,5,3,20,72,122,10,232,18733,NA,2020,Montague
Montgomery County,County Total,17,118,156,792,1110,5409,762,8364,616505,NA,2020,Montgomery
Moore County,County Total,0,11,1,32,52,250,57,403,20755,NA,2020,Moore
Morris County,County Total,0,5,2,36,30,76,16,165,12283,NA,2020,Morris
Motley County,County Total,0,0,0,0,0,1,0,1,1196,NA,2020,Motley
Nacogdoches County,County Total,3,40,16,129,216,976,91,1471,65040,NA,2020,Nacogdoches
Navarro County,County Total,2,33,17,143,253,648,76,1172,50198,NA,2020,Navarro
Newton County,County Total,3,3,1,16,47,44,11,125,13458,NA,2020,Newton
Nolan County,County Total,0,3,0,22,61,102,6,194,13327,NA,2020,Nolan
Nueces County,County Total,38,276,491,2174,2193,8397,933,14502,363576,NA,2020,Nueces
Ochiltree County,County Total,0,4,0,19,17,82,10,132,9768,NA,2020,Ochiltree
Oldham County,County Total,0,0,0,2,5,7,3,17,2112,NA,2020,Oldham
Orange County,County Total,2,23,29,174,363,691,177,1459,82779,NA,2020,Orange
Palo Pinto County,County Total,1,13,5,42,197,385,64,707,29378,NA,2020,Palo Pinto
Panola County,County Total,0,10,2,56,91,317,24,500,22784,NA,2020,Panola
Parker County,County Total,3,59,18,160,268,1139,164,1811,143060,NA,2020,Parker
Parmer County,County Total,0,1,0,12,14,35,7,69,9502,NA,2020,Parmer
Pecos County,County Total,0,1,1,15,39,151,20,227,15803,NA,2020,Pecos
Polk County,County Total,6,27,15,70,192,576,93,979,51880,NA,2020,Polk
Potter County,County Total,15,146,241,1302,1448,5052,1119,9323,214953,NA,2020,Potter
Presidio County,County Total,0,0,0,12,0,3,3,18,2728,NA,2020,Presidio
Rains County,County Total,0,5,0,14,14,37,5,75,12662,NA,2020,Rains
Randall County,County Total,3,25,8,36,106,295,38,511,40769,NA,2020,Randall
Reagan County,County Total,0,0,0,8,5,12,7,32,3896,NA,2020,Reagan
Real County,County Total,0,2,0,4,20,24,5,55,3455,NA,2020,Real
Red River County,County Total,1,4,1,28,48,51,13,146,11891,NA,2020,Red River
Reeves County,County Total,1,4,1,57,50,144,49,306,16181,NA,2020,Reeves
Refugio County,County Total,0,0,2,4,14,28,8,56,6878,NA,2020,Refugio
Roberts County,County Total,0,0,0,0,0,1,0,1,844,NA,2020,Roberts
Robertson County,County Total,1,4,8,31,114,108,25,291,17075,NA,2020,Robertson
Rockwall County,County Total,0,32,22,64,111,1019,103,1351,100630,NA,2020,Rockwall
Runnels County,County Total,1,4,2,25,75,53,8,168,10203,NA,2020,Runnels
Rusk County,County Total,1,23,10,115,236,753,121,1259,51251,NA,2020,Rusk
Sabine County,County Total,3,2,2,14,30,23,12,86,9228,NA,2020,Sabine
San Augustine County,County Total,0,2,0,11,27,19,9,68,8143,NA,2020,San Augustine
San Jacinto County,County Total,0,31,1,6,325,318,68,749,29039,NA,2020,San Jacinto
San Patricio County,County Total,2,23,14,134,178,645,80,1076,58648,NA,2020,San Patricio
San Saba County,County Total,4,1,1,17,13,39,10,85,6026,NA,2020,San Saba
Schleicher County,County Total,0,0,0,2,14,4,0,20,2715,NA,2020,Schleicher
Scurry County,County Total,1,5,1,85,69,124,13,298,16622,NA,2020,Scurry
Shackelford County,County Total,0,0,0,4,3,8,0,15,3241,NA,2020,Shackelford
Shelby County,County Total,1,9,1,45,147,193,24,420,24037,NA,2020,Shelby
Sherman County,County Total,0,1,0,0,1,4,1,7,3012,NA,2020,Sherman
Smith County,County Total,18,106,94,652,991,3637,456,5954,234512,NA,2020,Smith
Somervell County,County Total,0,10,1,4,34,36,0,85,9170,NA,2020,Somervell
Starr County,County Total,3,8,8,114,168,430,84,815,64812,NA,2020,Starr
Stephens County,County Total,0,2,2,18,37,106,17,182,9307,NA,2020,Stephens
Sterling County,County Total,0,0,0,4,5,8,3,20,1306,NA,2020,Sterling
Stonewall County,County Total,0,0,0,2,0,0,0,2,1330,NA,2020,Stonewall
Sutton County,County Total,0,1,0,5,11,6,3,26,3733,NA,2020,Sutton
Swisher County,County Total,0,3,2,42,19,105,9,180,6723,NA,2020,Swisher
Tarrant County,County Total,161,1099,1538,6079,6298,37546,6495,59216,2071940,NA,2020,Tarrant
Taylor County,County Total,4,151,63,371,496,2148,216,3449,143993,NA,2020,Taylor
Terry County,County Total,0,4,1,27,53,65,94,244,12258,NA,2020,Terry
Throckmorton County,County Total,0,0,0,3,3,3,0,9,1481,NA,2020,Throckmorton
Titus County,County Total,0,24,13,96,119,354,58,664,32675,NA,2020,Titus
Tom Green County,County Total,8,96,41,266,537,2365,347,3660,119778,NA,2020,Tom Green
Travis County,County Total,55,669,1208,3813,5820,31693,4734,47992,1343839,NA,2020,Travis
Trinity County,County Total,1,2,2,7,19,36,9,76,11841,NA,2020,Trinity
Tyler County,County Total,0,3,5,30,80,80,25,223,21588,NA,2020,Tyler
Upshur County,County Total,3,18,7,62,134,303,48,575,38510,NA,2020,Upshur
Upton County,County Total,0,0,0,4,3,10,3,20,3682,NA,2020,Upton
Uvalde County,County Total,0,8,6,79,103,557,39,792,26684,NA,2020,Uvalde
Val Verde County,County Total,1,27,15,57,184,436,50,770,48864,NA,2020,Val Verde
Van Zandt County,County Total,2,16,5,85,85,183,50,426,55326,NA,2020,Van Zandt
Victoria County,County Total,6,56,53,315,450,1524,157,2561,92367,NA,2020,Victoria
Walker County,County Total,1,33,24,163,154,612,94,1081,73266,NA,2020,Walker
Waller County,County Total,3,44,34,94,179,409,60,823,54943,NA,2020,Waller
Ward County,County Total,0,7,3,38,60,201,25,334,12125,NA,2020,Ward
Washington County,County Total,1,24,8,61,63,318,28,503,36010,NA,2020,Washington
Webb County,County Total,12,99,157,664,706,3166,241,5045,274048,NA,2020,Webb
Wharton County,County Total,2,9,15,117,159,561,84,947,41445,NA,2020,Wharton
Wheeler County,County Total,0,1,1,1,3,9,0,15,3257,NA,2020,Wheeler
Wichita County,County Total,9,87,81,318,728,2570,327,4120,131830,NA,2020,Wichita
Wilbarger County,County Total,0,9,5,26,34,107,25,206,12647,NA,2020,Wilbarger
Willacy County,County Total,3,8,4,85,89,153,14,356,18660,NA,2020,Willacy
Williamson County,County Total,9,198,120,374,1125,5997,509,8332,565745,NA,2020,Williamson
Wilson County,County Total,1,17,0,27,89,166,43,343,49534,NA,2020,Wilson
Winkler County,County Total,0,1,1,13,68,116,22,221,8094,NA,2020,Winkler
Wise County,County Total,3,30,6,88,99,499,66,791,71069,NA,2020,Wise
Wood County,County Total,3,14,2,32,127,259,33,470,46493,NA,2020,Wood
Yoakum County,County Total,0,0,0,6,10,47,5,68,8785,NA,2020,Yoakum
Young County,County Total,2,12,3,19,79,73,9,197,17893,NA,2020,Young
Zapata County,County Total,0,0,3,13,36,72,0,124,14142,NA,2020,Zapata
Zavala County,County Total,1,1,0,16,25,39,8,90,11813,NA,2020,Zavala
Anderson County,County Total,1,16,6,84,98,339,38,582,18886,NA,2021,Anderson
Andrews County,County Total,0,8,2,47,36,176,29,298,19149,NA,2021,Andrews
Angelina County,County Total,5,36,23,211,336,1116,149,1876,80574,NA,2021,Angelina
Aransas County,County Total,3,17,6,76,159,491,48,800,29853,NA,2021,Aransas
Archer County,County Total,0,0,0,1,2,3,2,8,1711,NA,2021,Archer
Armstrong County,County Total,0,0,0,1,1,3,3,8,1847,NA,2021,Armstrong
Atascosa County,County Total,9,3,8,124,167,650,132,1093,52543,NA,2021,Atascosa
Austin County,County Total,1,9,7,37,55,148,39,296,29836,NA,2021,Austin
Bailey County,County Total,0,1,1,5,6,23,3,39,6588,NA,2021,Bailey
Bandera County,County Total,3,3,1,28,43,94,22,194,23980,NA,2021,Bandera
Bastrop County,County Total,1,54,19,268,238,757,162,1499,93656,NA,2021,Bastrop
Baylor County,County Total,0,0,0,2,4,7,6,19,3465,NA,2021,Baylor
Bee County,County Total,0,8,6,94,153,329,48,638,32255,NA,2021,Bee
Bell County,County Total,26,212,143,1011,1038,4228,750,7408,368982,NA,2021,Bell
Bexar County,County Total,183,1483,1849,8995,9099,51467,10104,83180,2043748,NA,2021,Bexar
Blanco County,County Total,1,4,4,19,38,68,5,139,10072,NA,2021,Blanco
Borden County,County Total,0,0,0,1,4,7,2,14,706,NA,2021,Borden
Bosque County,County Total,0,2,0,16,46,66,12,142,18465,NA,2021,Bosque
Bowie County,County Total,10,71,41,306,248,1392,212,2280,91026,NA,2021,Bowie
Brazoria County,County Total,9,133,88,589,658,4016,474,5967,384943,NA,2021,Brazoria
Brazos County,County Total,10,166,75,392,643,3335,382,5003,234250,NA,2021,Brazos
Brewster County,County Total,1,2,0,8,25,20,13,69,9143,NA,2021,Brewster
Briscoe County,County Total,0,0,0,0,2,7,0,9,1459,NA,2021,Briscoe
Brooks County,County Total,0,2,0,13,20,25,3,63,6871,NA,2021,Brooks
Brown County,County Total,0,39,9,117,184,524,51,924,35720,NA,2021,Brown
Burleson County,County Total,0,5,2,31,37,52,17,144,18461,NA,2021,Burleson
Burnet County,County Total,2,39,4,81,114,323,57,620,46718,NA,2021,Burnet
Caldwell County,County Total,6,7,1,43,47,170,60,334,42484,NA,2021,Caldwell
Calhoun County,County Total,0,10,1,44,50,120,18,243,19247,NA,2021,Calhoun
Callahan County,County Total,0,1,0,10,11,16,14,52,10130,NA,2021,Callahan
Cameron County,County Total,18,192,213,1210,1067,5922,429,9051,415786,NA,2021,Cameron
Camp County,County Total,1,6,2,19,38,86,10,162,12997,NA,2021,Camp
Carson County,County Total,0,0,0,0,2,4,5,11,5766,NA,2021,Carson
Cass County,County Total,1,14,1,40,87,158,57,358,29132,NA,2021,Cass
Castro County,County Total,0,2,1,7,8,15,10,43,7254,NA,2021,Castro
Chambers County,County Total,2,22,11,100,121,513,105,874,42064,NA,2021,Chambers
Cherokee County,County Total,5,23,8,135,161,440,67,839,52411,NA,2021,Cherokee
Childress County,County Total,0,2,1,11,14,17,4,49,7080,NA,2021,Childress
Clay County,County Total,0,3,0,8,25,28,14,78,10427,NA,2021,Clay
Cochran County,County Total,0,1,0,8,11,9,1,30,2844,NA,2021,Cochran
Coke County,County Total,0,0,0,2,18,15,5,40,3291,NA,2021,Coke
Coleman County,County Total,0,0,0,9,43,23,12,87,7947,NA,2021,Coleman
Collin County,County Total,19,329,133,760,1198,8443,932,11814,978702,NA,2021,Collin
Collingsworth County,County Total,0,0,0,2,2,4,2,10,2831,NA,2021,Collingsworth
Colorado County,County Total,3,6,5,16,45,135,33,243,17686,NA,2021,Colorado
Comal County,County Total,1,52,37,258,347,1372,280,2347,185044,NA,2021,Comal
Comanche County,County Total,1,9,2,17,32,107,14,182,13593,NA,2021,Comanche
Concho County,County Total,0,0,0,5,2,1,0,8,2717,NA,2021,Concho
Cooke County,County Total,0,23,8,88,117,382,58,676,40133,NA,2021,Cooke
Coryell County,County Total,0,61,13,105,169,602,74,1024,76791,NA,2021,Coryell
Crane County,County Total,0,1,0,2,0,6,5,14,4759,NA,2021,Crane
Crockett County,County Total,0,1,0,2,25,7,1,36,3460,NA,2021,Crockett
Crosby County,County Total,0,0,0,4,14,8,6,32,1092,NA,2021,Crosby
Dallam County,County Total,1,6,0,22,31,75,32,167,9796,NA,2021,Dallam
Dallas County,County Total,298,1231,3400,10620,11215,53565,17382,97711,2929932,NA,2021,Dallas
Dawson County,County Total,0,2,0,1,20,25,8,56,3542,NA,2021,Dawson
Deaf Smith County,County Total,0,3,2,47,59,179,26,316,17982,NA,2021,Deaf Smith
Delta County,County Total,0,1,0,2,11,7,1,22,5306,NA,2021,Delta
Denton County,County Total,11,397,146,781,914,6715,974,9938,720468,NA,2021,Denton
DeWitt County,County Total,1,10,2,89,27,135,32,296,15796,NA,2021,DeWitt
Donley County,County Total,0,0,0,4,15,11,6,36,3235,NA,2021,Donley
Duval County,County Total,0,2,0,15,31,53,38,139,7605,NA,2021,Duval
Eastland County,County Total,0,16,0,33,82,115,27,273,16327,NA,2021,Eastland
Ector County,County Total,13,77,105,539,535,2090,435,3794,171710,NA,2021,Ector
Edwards County,County Total,0,0,0,0,7,5,6,18,1897,NA,2021,Edwards
Ellis County,County Total,5,72,32,209,278,1675,234,2505,185455,NA,2021,Ellis
El Paso County,County Total,40,476,279,1434,1399,7545,1181,12354,836739,NA,2021,El Paso
Erath County,County Total,1,34,4,30,79,256,17,421,43358,NA,2021,Erath
Falls County,County Total,0,3,2,12,35,9,9,70,5510,NA,2021,Falls
Fannin County,County Total,2,18,4,52,66,138,30,310,35044,NA,2021,Fannin
Fayette County,County Total,2,12,0,36,39,161,24,274,25394,NA,2021,Fayette
Floyd County,County Total,0,5,0,18,19,31,11,84,5548,NA,2021,Floyd
Foard County,County Total,0,0,0,0,0,0,0,0,319,NA,2021,Foard
Fort Bend County,County Total,25,234,241,1084,1188,6927,786,10485,821030,NA,2021,Fort Bend
Franklin County,County Total,0,8,0,17,33,39,9,106,10018,NA,2021,Franklin
Freestone County,County Total,1,4,1,39,59,108,18,230,19684,NA,2021,Freestone
Frio County,County Total,1,3,2,21,69,65,20,181,10776,NA,2021,Frio
Gaines County,County Total,0,2,2,16,30,93,13,156,19212,NA,2021,Gaines
Galveston County,County Total,29,286,117,593,887,4497,759,7168,359222,NA,2021,Galveston
Garza County,County Total,0,3,0,2,9,15,0,29,6138,NA,2021,Garza
Gillespie County,County Total,1,19,2,9,42,102,7,182,26907,NA,2021,Gillespie
Glasscock County,County Total,0,0,0,0,6,9,2,17,1447,NA,2021,Glasscock
Goliad County,County Total,0,1,3,10,121,48,7,190,7591,NA,2021,Goliad
Gonzales County,County Total,0,14,3,172,41,113,24,367,18340,NA,2021,Gonzales
Gray County,County Total,3,9,3,55,91,276,24,461,21365,NA,2021,Gray
Grayson County,County Total,1,91,22,308,459,1126,250,2257,130857,NA,2021,Grayson
Gregg County,County Total,12,98,55,302,529,2042,345,3383,131163,NA,2021,Gregg
Grimes County,County Total,2,15,8,49,108,141,37,360,29520,NA,2021,Grimes
Guadalupe County,County Total,3,31,18,95,203,988,170,1508,110734,NA,2021,Guadalupe
Hale County,County Total,0,9,10,105,139,346,58,667,23216,NA,2021,Hale
Hall County,County Total,0,2,0,5,9,8,5,29,2745,NA,2021,Hall
Hamilton County,County Total,0,0,0,7,14,21,6,48,7038,NA,2021,Hamilton
Hansford County,County Total,0,0,0,1,3,9,1,14,5196,NA,2021,Hansford
Hardeman County,County Total,1,0,1,2,2,19,0,25,3273,NA,2021,Hardeman
Hardin County,County Total,1,27,4,40,98,222,82,474,58084,NA,2021,Hardin
Harris County,County Total,632,2820,9863,26904,23159,108072,24263,195713,4788935,NA,2021,Harris
Harrison County,County Total,4,9,21,155,233,564,124,1110,63854,NA,2021,Harrison
Hartley County,County Total,0,0,0,1,5,3,4,13,2790,NA,2021,Hartley
Haskell County,County Total,0,3,0,7,8,16,6,40,5648,NA,2021,Haskell
Hays County,County Total,5,175,65,486,515,2592,337,4175,249299,NA,2021,Hays
Hemphill County,County Total,0,1,0,0,1,13,1,16,3738,NA,2021,Hemphill
Henderson County,County Total,2,36,12,98,130,300,83,661,78900,NA,2021,Henderson
Hidalgo County,County Total,30,440,247,1773,1598,10907,844,15839,860066,NA,2021,Hidalgo
Hill County,County Total,1,27,10,52,80,306,62,538,35410,NA,2021,Hill
Hockley County,County Total,0,13,4,111,105,204,33,470,22702,NA,2021,Hockley
Hood County,County Total,0,9,4,51,83,587,52,786,63172,NA,2021,Hood
Hopkins County,County Total,2,10,2,41,40,92,34,221,36203,NA,2021,Hopkins
Houston County,County Total,0,10,1,29,73,145,23,281,22526,NA,2021,Houston
Howard County,County Total,6,10,21,197,216,613,102,1165,36337,NA,2021,Howard
Hudspeth County,County Total,0,3,0,9,1,2,1,16,5037,NA,2021,Hudspeth
Hunt County,County Total,3,46,41,428,307,832,219,1876,94187,NA,2021,Hunt
Hutchinson County,County Total,0,20,2,21,91,186,35,355,20325,NA,2021,Hutchinson
Irion County,County Total,0,0,0,1,8,8,3,20,1543,NA,2021,Irion
Jack County,County Total,0,5,0,8,17,16,7,53,8971,NA,2021,Jack
Jackson County,County Total,3,4,2,28,38,61,23,159,14784,NA,2021,Jackson
Jasper County,County Total,1,11,13,59,214,398,44,740,32961,NA,2021,Jasper
Jeff Davis County,County Total,0,0,0,3,0,1,1,5,2186,NA,2021,Jeff Davis
Jefferson County,County Total,23,192,337,1390,1314,3696,672,7624,247412,NA,2021,Jefferson
Jim Hogg County,County Total,0,0,0,10,18,16,10,54,5122,NA,2021,Jim Hogg
Jim Wells County,County Total,2,28,14,142,246,622,64,1118,35315,NA,2021,Jim Wells
Johnson County,County Total,6,125,26,389,266,1660,250,2722,189141,NA,2021,Johnson
Jones County,County Total,0,4,0,12,24,42,7,89,13356,NA,2021,Jones
Karnes County,County Total,0,6,1,29,41,114,9,200,15477,NA,2021,Karnes
Kaufman County,County Total,9,64,33,229,285,1137,224,1981,146179,NA,2021,Kaufman
Kendall County,County Total,1,14,1,28,77,266,60,447,47259,NA,2021,Kendall
Kenedy County,County Total,0,0,0,1,3,1,8,13,372,NA,2021,Kenedy
Kerr County,County Total,1,34,3,99,95,361,54,647,52673,NA,2021,Kerr
Kimble County,County Total,0,0,0,4,3,2,1,10,4332,NA,2021,Kimble
Kleberg County,County Total,8,13,8,120,99,484,33,765,29873,NA,2021,Kleberg
Knox County,County Total,0,1,0,2,1,5,0,9,1119,NA,2021,Knox
Lamar County,County Total,4,44,10,201,193,525,93,1070,49416,NA,2021,Lamar
Lamb County,County Total,0,8,1,15,48,61,15,148,10455,NA,2021,Lamb
Lampasas County,County Total,0,5,0,39,34,182,17,277,20202,NA,2021,Lampasas
La Salle County,County Total,0,0,1,15,17,22,5,60,6907,NA,2021,La Salle
Lavaca County,County Total,1,3,0,24,36,73,17,154,20049,NA,2021,Lavaca
Lee County,County Total,1,11,5,18,35,117,23,210,16041,NA,2021,Lee
Leon County,County Total,0,2,0,17,52,77,19,167,15538,NA,2021,Leon
Liberty County,County Total,3,55,13,124,182,520,290,1187,83886,NA,2021,Liberty
Limestone County,County Total,0,20,2,50,89,178,25,364,23090,NA,2021,Limestone
Lipscomb County,County Total,0,0,0,1,6,17,2,26,3064,NA,2021,Lipscomb
Live Oak County,County Total,0,0,0,1,2,3,6,12,2614,NA,2021,Live Oak
Llano County,County Total,0,6,3,19,67,139,27,261,18687,NA,2021,Llano
Loving County,County Total,0,1,0,2,1,16,1,21,195,NA,2021,Loving
Lubbock County,County Total,26,314,394,2253,2353,7208,1240,13788,312537,NA,2021,Lubbock
Lynn County,County Total,0,5,0,9,14,18,5,51,5247,NA,2021,Lynn
McCulloch County,County Total,2,1,0,12,79,48,21,163,7706,NA,2021,McCulloch
McLennan County,County Total,18,193,161,905,1208,4573,592,7650,249140,NA,2021,McLennan
Madison County,County Total,0,6,2,21,23,57,18,127,14270,NA,2021,Madison
Marion County,County Total,2,1,0,32,40,49,10,134,9810,NA,2021,Marion
Martin County,County Total,0,3,2,20,30,102,0,157,5870,NA,2021,Martin
Mason County,County Total,0,0,0,4,3,7,1,15,4335,NA,2021,Mason
Matagorda County,County Total,2,43,7,164,176,667,90,1149,36360,NA,2021,Matagorda
Maverick County,County Total,3,19,15,98,425,699,131,1390,58203,NA,2021,Maverick
Medina County,County Total,2,14,2,72,87,426,82,685,50611,NA,2021,Medina
Midland County,County Total,18,155,43,539,369,2132,421,3677,178487,NA,2021,Midland
Milam County,County Total,1,5,2,45,85,168,38,344,24467,NA,2021,Milam
Mills County,County Total,0,5,0,7,38,10,0,60,4779,NA,2021,Mills
Montague County,County Total,0,9,3,20,83,117,11,243,15742,NA,2021,Montague
Montgomery County,County Total,17,236,127,1007,1200,5818,989,9394,631547,NA,2021,Montgomery
Moore County,County Total,2,24,0,58,53,259,39,435,22118,NA,2021,Moore
Morris County,County Total,0,1,5,36,43,60,16,161,11243,NA,2021,Morris
Motley County,County Total,0,0,0,0,3,0,2,5,1171,NA,2021,Motley
Nacogdoches County,County Total,6,18,5,85,155,685,68,1022,64114,NA,2021,Nacogdoches
Navarro County,County Total,2,48,15,156,167,574,87,1049,50477,NA,2021,Navarro
Newton County,County Total,0,2,1,7,20,43,7,80,13182,NA,2021,Newton
Nolan County,County Total,0,10,8,59,116,114,23,330,14647,NA,2021,Nolan
Nueces County,County Total,20,282,481,2154,1880,7952,1056,13825,358819,NA,2021,Nueces
Ochiltree County,County Total,0,6,0,35,43,64,6,154,9449,NA,2021,Ochiltree
Oldham County,County Total,0,0,1,0,2,2,0,5,2123,NA,2021,Oldham
Orange County,County Total,5,36,17,146,318,685,169,1376,81645,NA,2021,Orange
Palo Pinto County,County Total,1,16,3,27,170,321,58,596,29322,NA,2021,Palo Pinto
Panola County,County Total,2,4,2,65,80,286,39,478,22629,NA,2021,Panola
Parker County,County Total,5,70,16,159,400,1235,179,2064,144221,NA,2021,Parker
Parmer County,County Total,0,3,0,6,12,26,15,62,9357,NA,2021,Parmer
Pecos County,County Total,0,1,0,7,16,36,9,69,8375,NA,2021,Pecos
Polk County,County Total,10,23,7,79,150,496,97,862,53283,NA,2021,Polk
Potter County,County Total,21,170,187,1215,1341,4733,892,8559,214148,NA,2021,Potter
Presidio County,County Total,0,0,0,1,0,2,0,3,2615,NA,2021,Presidio
Rains County,County Total,0,0,0,9,6,14,2,31,12603,NA,2021,Rains
Randall County,County Total,1,23,5,47,81,295,56,508,40619,NA,2021,Randall
Reagan County,County Total,0,4,1,0,4,20,4,33,3846,NA,2021,Reagan
Real County,County Total,0,1,0,4,93,21,5,124,3387,NA,2021,Real
Red River County,County Total,0,5,0,18,30,35,10,98,11792,NA,2021,Red River
Reeves County,County Total,2,6,1,53,24,96,9,191,10675,NA,2021,Reeves
Refugio County,County Total,2,0,2,3,25,34,29,95,6762,NA,2021,Refugio
Roberts County,County Total,0,0,0,0,0,0,0,0,795,NA,2021,Roberts
Robertson County,County Total,2,10,4,37,60,89,24,226,17045,NA,2021,Robertson
Rockwall County,County Total,0,39,5,79,125,897,88,1233,104913,NA,2021,Rockwall
Runnels County,County Total,0,5,1,19,52,42,11,130,10287,NA,2021,Runnels
Rusk County,County Total,5,21,10,143,177,554,97,1007,50833,NA,2021,Rusk
Sabine County,County Total,0,9,0,13,15,48,7,92,9160,NA,2021,Sabine
San Augustine County,County Total,0,2,1,13,95,49,13,173,8108,NA,2021,San Augustine
San Patricio County,County Total,2,26,14,63,118,556,43,822,43268,NA,2021,San Patricio
San Saba County,County Total,0,0,0,6,3,16,8,33,3135,NA,2021,San Saba
Schleicher County,County Total,0,0,0,2,4,7,0,13,2669,NA,2021,Schleicher
Scurry County,County Total,2,10,1,135,78,182,25,433,16471,NA,2021,Scurry
Shackelford County,County Total,0,1,0,1,2,8,0,12,3259,NA,2021,Shackelford
Shelby County,County Total,2,1,2,31,73,189,27,325,23487,NA,2021,Shelby
Smith County,County Total,10,105,66,653,648,3071,435,4988,233979,NA,2021,Smith
Somervell County,County Total,0,0,0,4,26,40,0,70,9114,NA,2021,Somervell
Starr County,County Total,0,15,2,90,172,284,48,611,63943,NA,2021,Starr
Stephens County,County Total,0,7,0,18,20,75,17,137,9213,NA,2021,Stephens
Sterling County,County Total,0,0,0,0,5,1,2,8,1322,NA,2021,Sterling
Sutton County,County Total,0,2,0,5,9,7,4,27,3670,NA,2021,Sutton
Swisher County,County Total,0,8,2,22,42,68,8,150,5943,NA,2021,Swisher
Tarrant County,County Total,165,1339,1229,6512,6464,36129,6710,58548,2076694,NA,2021,Tarrant
Taylor County,County Total,7,145,83,411,484,1996,218,3344,144260,NA,2021,Taylor
Terry County,County Total,0,5,5,29,37,72,17,165,12014,NA,2021,Terry
Throckmorton County,County Total,0,2,0,6,0,2,0,10,1458,NA,2021,Throckmorton
Titus County,County Total,0,27,9,94,95,356,43,624,32649,NA,2021,Titus
Tom Green County,County Total,7,83,46,269,522,2060,258,3245,119779,NA,2021,Tom Green
Travis County,County Total,92,783,1086,4119,5696,29054,5246,46076,1364478,NA,2021,Travis
Trinity County,County Total,0,1,1,12,48,44,17,123,11949,NA,2021,Trinity
Tyler County,County Total,4,2,2,23,87,105,38,261,21359,NA,2021,Tyler
Upshur County,County Total,5,30,5,58,161,244,44,547,38644,NA,2021,Upshur
Upton County,County Total,0,0,0,1,3,8,3,15,3617,NA,2021,Upton
Uvalde County,County Total,1,10,10,71,109,570,58,829,26506,NA,2021,Uvalde
Val Verde County,County Total,0,12,2,40,63,48,14,179,12849,NA,2021,Val Verde
Van Zandt County,County Total,4,9,9,87,207,218,34,568,57475,NA,2021,Van Zandt
Victoria County,County Total,5,85,45,347,420,1437,123,2462,91536,NA,2021,Victoria
Walker County,County Total,2,51,20,218,168,730,137,1326,71848,NA,2021,Walker
Waller County,County Total,2,23,17,136,141,342,64,725,56439,NA,2021,Waller
Ward County,County Total,0,17,5,22,69,168,45,326,12138,NA,2021,Ward
Washington County,County Total,0,10,6,117,55,225,31,444,35627,NA,2021,Washington
Webb County,County Total,13,112,98,642,440,2680,262,4247,273075,NA,2021,Webb
Wharton County,County Total,5,12,16,163,137,591,73,997,41309,NA,2021,Wharton
Wheeler County,County Total,0,2,0,5,6,6,1,20,3154,NA,2021,Wheeler
Wichita County,County Total,12,157,56,453,694,2369,428,4169,132017,NA,2021,Wichita
Wilbarger County,County Total,0,3,6,36,31,103,18,197,12336,NA,2021,Wilbarger
Willacy County,County Total,0,8,6,110,53,163,17,357,18116,NA,2021,Willacy
Williamson County,County Total,14,203,68,464,857,5819,531,7956,586556,NA,2021,Williamson
Wilson County,County Total,0,22,3,47,91,226,41,430,48603,NA,2021,Wilson
Winkler County,County Total,0,2,1,11,51,48,10,123,7895,NA,2021,Winkler
Wise County,County Total,5,34,6,78,54,379,32,588,71690,NA,2021,Wise
Wood County,County Total,1,13,7,43,128,223,36,451,46998,NA,2021,Wood
Yoakum County,County Total,0,4,2,12,12,53,10,93,8705,NA,2021,Yoakum
Young County,County Total,0,10,3,29,25,75,15,157,17665,NA,2021,Young
Zapata County,County Total,0,0,0,10,21,37,1,69,14039,NA,2021,Zapata
Zavala County,County Total,0,12,0,22,14,20,10,78,4557,NA,2021,Zavala
Anderson County,County Total,1,32,7,99,124,356,32,651,20230,NA,2022,Anderson
Andrews County,County Total,1,5,0,60,32,193,22,313,18380,NA,2022,Andrews
Angelina County,County Total,6,78,26,216,410,1296,187,2219,82128,NA,2022,Angelina
Aransas County,County Total,3,19,9,134,151,523,54,893,31050,NA,2022,Aransas
Archer County,County Total,0,1,0,0,4,2,2,9,1593,NA,2022,Archer
Armstrong County,County Total,0,0,0,1,4,12,8,25,1842,NA,2022,Armstrong
Atascosa County,County Total,3,5,5,146,213,624,146,1142,51974,NA,2022,Atascosa
Austin County,County Total,1,12,1,39,56,160,41,310,30837,NA,2022,Austin
Bailey County,County Total,0,0,0,2,5,28,3,38,6852,NA,2022,Bailey
Bandera County,County Total,0,3,0,28,52,70,20,173,22292,NA,2022,Bandera
Bastrop County,County Total,10,76,23,379,245,941,208,1882,108569,NA,2022,Bastrop
Baylor County,County Total,0,1,0,1,7,4,5,18,3511,NA,2022,Baylor
Bee County,County Total,1,7,8,73,472,322,50,933,31043,NA,2022,Bee
Bell County,County Total,31,221,136,1018,986,4253,681,7326,386098,NA,2022,Bell
Bexar County,County Total,247,1694,1884,10590,11040,60421,13897,99773,2056933,NA,2022,Bexar
Blanco County,County Total,1,4,0,17,20,59,8,109,10617,NA,2022,Blanco
Borden County,County Total,0,0,0,1,2,6,0,9,598,NA,2022,Borden
Bosque County,County Total,0,2,1,14,31,38,4,90,18898,NA,2022,Bosque
Bowie County,County Total,4,26,37,174,199,1149,195,1784,91424,NA,2022,Bowie
Brazoria County,County Total,9,127,96,496,771,4517,531,6547,397134,NA,2022,Brazoria
Brazos County,County Total,3,118,24,263,410,2891,330,4039,241050,NA,2022,Brazos
Brewster County,County Total,0,1,1,9,8,15,3,37,9391,NA,2022,Brewster
Briscoe County,County Total,0,0,0,0,5,5,2,12,1393,NA,2022,Briscoe
Brooks County,County Total,0,1,1,10,4,4,2,22,7000,NA,2022,Brooks
Brown County,County Total,3,23,6,91,143,439,54,759,38613,NA,2022,Brown
Burleson County,County Total,0,9,3,22,51,75,21,181,18578,NA,2022,Burleson
Burnet County,County Total,3,29,2,93,124,330,54,635,49725,NA,2022,Burnet
Caldwell County,County Total,2,16,7,54,51,159,62,351,46366,NA,2022,Caldwell
Calhoun County,County Total,1,10,0,34,49,200,22,316,19529,NA,2022,Calhoun
Callahan County,County Total,0,2,2,13,39,37,13,106,14577,NA,2022,Callahan
Cameron County,County Total,11,165,214,1239,959,6066,500,9154,421773,NA,2022,Cameron
Camp County,County Total,1,5,1,17,43,71,18,156,12861,NA,2022,Camp
Carson County,County Total,0,2,0,16,0,14,4,36,5719,NA,2022,Carson
Cass County,County Total,2,7,3,28,67,121,20,248,28571,NA,2022,Cass
Castro County,County Total,2,2,1,7,11,18,6,47,7455,NA,2022,Castro
Chambers County,County Total,11,30,11,107,156,677,154,1146,46257,NA,2022,Chambers
Cherokee County,County Total,4,11,4,193,142,511,110,975,51931,NA,2022,Cherokee
Childress County,County Total,0,4,0,8,28,27,6,73,6866,NA,2022,Childress
Clay County,County Total,0,3,0,12,27,21,13,76,10343,NA,2022,Clay
Cochran County,County Total,0,0,0,1,9,21,6,37,2489,NA,2022,Cochran
Coke County,County Total,0,1,0,0,129,20,5,155,3374,NA,2022,Coke
Coleman County,County Total,0,3,1,5,10,21,8,48,7847,NA,2022,Coleman
Collin County,County Total,6,256,159,860,1466,11093,1062,14902,1153886,NA,2022,Collin
Collingsworth County,County Total,0,0,0,0,0,3,0,3,2611,NA,2022,Collingsworth
Colorado County,County Total,1,5,4,20,41,117,29,217,17330,NA,2022,Colorado
Comal County,County Total,1,62,24,244,423,1774,287,2815,208617,NA,2022,Comal
Comanche County,County Total,0,5,1,24,34,121,17,202,14036,NA,2022,Comanche
Concho County,County Total,0,1,0,2,3,7,0,13,3383,NA,2022,Concho
Cooke County,County Total,1,13,7,47,92,398,63,621,42011,NA,2022,Cooke
Coryell County,County Total,1,40,11,106,132,649,86,1025,86872,NA,2022,Coryell
Crane County,County Total,0,1,0,3,8,4,0,16,4720,NA,2022,Crane
Crockett County,County Total,0,1,0,2,8,10,3,24,3044,NA,2022,Crockett
Crosby County,County Total,0,0,0,4,10,7,4,25,1051,NA,2022,Crosby
Dallam County,County Total,0,4,3,17,14,32,15,85,10116,NA,2022,Dallam
Dallas County,County Total,223,1059,3056,10025,11529,56915,19655,102462,2880842,NA,2022,Dallas
Dawson County,County Total,1,6,2,35,59,174,20,297,12351,NA,2022,Dawson
Deaf Smith County,County Total,1,5,6,40,64,185,49,350,18266,NA,2022,Deaf Smith
Delta County,County Total,0,3,1,9,20,21,7,61,5589,NA,2022,Delta
Denton County,County Total,16,305,119,782,1014,7933,1146,11315,744185,NA,2022,Denton
DeWitt County,County Total,1,2,3,64,39,129,14,252,16261,NA,2022,DeWitt
Donley County,County Total,0,0,1,11,6,9,4,31,3287,NA,2022,Donley
Duval County,County Total,0,4,1,34,30,44,26,139,6780,NA,2022,Duval
Eastland County,County Total,0,7,0,19,46,108,18,198,16315,NA,2022,Eastland
Ector County,County Total,12,70,71,536,405,1770,421,3285,161546,NA,2022,Ector
Edwards County,County Total,1,0,1,3,7,10,3,25,1471,NA,2022,Edwards
Ellis County,County Total,4,73,20,229,263,1721,273,2583,201136,NA,2022,Ellis
El Paso County,County Total,35,367,315,1938,1195,8148,1710,13708,874102,NA,2022,El Paso
Erath County,County Total,2,33,2,29,65,282,24,437,44315,NA,2022,Erath
Falls County,County Total,0,3,1,14,118,13,17,166,15719,NA,2022,Falls
Fannin County,County Total,0,7,0,46,33,130,19,235,26067,NA,2022,Fannin
Fayette County,County Total,1,13,1,37,54,171,25,302,25074,NA,2022,Fayette
Fisher County,County Total,1,3,1,12,17,16,3,53,3757,NA,2022,Fisher
Floyd County,County Total,0,3,1,15,23,24,13,79,5354,NA,2022,Floyd
Fort Bend County,County Total,16,207,247,1018,1287,8363,855,11993,845866,NA,2022,Fort Bend
Franklin County,County Total,0,6,1,14,114,39,5,179,9826,NA,2022,Franklin
Freestone County,County Total,1,7,4,37,243,95,27,414,20230,NA,2022,Freestone
Frio County,County Total,0,1,2,34,51,53,22,163,10979,NA,2022,Frio
Gaines County,County Total,0,0,4,22,24,93,18,161,20026,NA,2022,Gaines
Galveston County,County Total,28,244,113,520,975,4986,722,7588,372065,NA,2022,Galveston
Garza County,County Total,0,3,0,6,13,23,0,45,5969,NA,2022,Garza
Gillespie County,County Total,0,17,0,15,24,116,6,178,28041,NA,2022,Gillespie
Glasscock County,County Total,0,0,0,0,15,24,3,42,1192,NA,2022,Glasscock
Goliad County,County Total,0,5,0,10,25,55,7,102,7369,NA,2022,Goliad
Gonzales County,County Total,2,11,2,130,76,136,31,388,17395,NA,2022,Gonzales
Gray County,County Total,0,10,5,61,86,306,22,490,21007,NA,2022,Gray
Grayson County,County Total,8,71,18,236,481,1004,208,2026,135482,NA,2022,Grayson
Gregg County,County Total,15,87,77,338,633,2058,315,3523,133105,NA,2022,Gregg
Grimes County,County Total,1,21,4,96,146,205,40,513,31373,NA,2022,Grimes
Guadalupe County,County Total,3,32,30,176,255,1227,201,1924,110818,NA,2022,Guadalupe
Hale County,County Total,0,7,5,66,94,285,48,505,23309,NA,2022,Hale
Hall County,County Total,0,0,0,4,7,4,3,18,2781,NA,2022,Hall
Hamilton County,County Total,0,2,0,11,16,24,1,54,6917,NA,2022,Hamilton
Hansford County,County Total,0,0,0,0,3,7,2,12,2061,NA,2022,Hansford
Hardeman County,County Total,0,1,0,3,8,9,0,21,3015,NA,2022,Hardeman
Hardin County,County Total,4,33,2,52,92,317,59,559,58024,NA,2022,Hardin
Harris County,County Total,598,2570,9067,25202,23765,121150,26988,209340,4788785,NA,2022,Harris
Harrison County,County Total,7,30,14,116,290,465,103,1025,67522,NA,2022,Harrison
Hartley County,County Total,0,0,0,2,0,4,0,6,2620,NA,2022,Hartley
Haskell County,County Total,0,0,0,5,4,21,14,44,5392,NA,2022,Haskell
Hays County,County Total,6,191,77,552,480,2907,460,4673,268138,NA,2022,Hays
Hemphill County,County Total,0,1,0,5,20,9,0,35,3196,NA,2022,Hemphill
Henderson County,County Total,8,47,6,175,245,517,159,1157,83077,NA,2022,Henderson
Hidalgo County,County Total,29,458,346,1819,1926,12668,1063,18309,886226,NA,2022,Hidalgo
Hill County,County Total,1,27,6,43,75,291,52,495,35792,NA,2022,Hill
Hockley County,County Total,0,6,6,145,114,249,43,563,21364,NA,2022,Hockley
Hood County,County Total,5,10,6,40,104,585,58,808,65935,NA,2022,Hood
Hopkins County,County Total,0,11,4,42,29,93,23,202,37150,NA,2022,Hopkins
Houston County,County Total,0,12,7,24,60,214,32,349,22550,NA,2022,Houston
Howard County,County Total,5,16,16,171,169,564,75,1016,33673,NA,2022,Howard
Hudspeth County,County Total,0,0,0,0,1,0,1,2,3401,NA,2022,Hudspeth
Hunt County,County Total,2,44,21,412,223,813,177,1692,99371,NA,2022,Hunt
Hutchinson County,County Total,0,15,1,53,119,118,29,335,20574,NA,2022,Hutchinson
Irion County,County Total,1,0,0,4,2,6,2,15,1593,NA,2022,Irion
Jack County,County Total,0,3,0,8,10,29,4,54,8992,NA,2022,Jack
Jackson County,County Total,2,4,1,29,16,56,34,142,15335,NA,2022,Jackson
Jasper County,County Total,1,6,12,48,81,375,26,549,31259,NA,2022,Jasper
Jeff Davis County,County Total,0,0,0,1,1,2,2,6,1932,NA,2022,Jeff Davis
Jefferson County,County Total,29,176,317,1298,1411,4326,599,8156,253036,NA,2022,Jefferson
Jim Hogg County,County Total,0,0,1,6,19,14,6,46,4792,NA,2022,Jim Hogg
Jim Wells County,County Total,6,25,5,220,231,579,79,1145,34734,NA,2022,Jim Wells
Johnson County,County Total,8,120,20,286,288,1402,192,2316,201410,NA,2022,Johnson
Jones County,County Total,0,4,0,12,23,49,14,102,12538,NA,2022,Jones
Karnes County,County Total,0,4,4,15,71,109,24,227,14876,NA,2022,Karnes
Kaufman County,County Total,1,47,29,258,350,1325,269,2279,169921,NA,2022,Kaufman
Kendall County,County Total,0,8,2,23,111,248,59,451,46907,NA,2022,Kendall
Kenedy County,County Total,0,1,0,0,0,0,2,3,336,NA,2022,Kenedy
Kerr County,County Total,1,24,5,59,99,290,41,519,53972,NA,2022,Kerr
Kimble County,County Total,0,0,0,2,4,2,3,11,4469,NA,2022,Kimble
Kleberg County,County Total,0,16,10,57,157,549,51,840,30497,NA,2022,Kleberg
Knox County,County Total,0,1,0,3,12,7,0,23,1047,NA,2022,Knox
Lamar County,County Total,2,32,9,195,214,557,94,1103,50420,NA,2022,Lamar
Lamb County,County Total,0,2,2,15,31,73,11,134,10023,NA,2022,Lamb
Lampasas County,County Total,0,4,0,25,20,172,13,234,21193,NA,2022,Lampasas
La Salle County,County Total,0,1,0,0,4,4,0,9,6198,NA,2022,La Salle
Lavaca County,County Total,1,9,2,23,28,76,13,152,22946,NA,2022,Lavaca
Lee County,County Total,1,13,3,24,42,109,17,209,18023,NA,2022,Lee
Leon County,County Total,3,2,0,20,54,106,15,200,15035,NA,2022,Leon
Liberty County,County Total,12,52,21,168,260,655,245,1413,95334,NA,2022,Liberty
Limestone County,County Total,1,11,12,54,108,230,32,448,22259,NA,2022,Limestone
Lipscomb County,County Total,0,0,0,3,3,2,0,8,2841,NA,2022,Lipscomb
Live Oak County,County Total,0,0,0,3,5,17,10,35,2194,NA,2022,Live Oak
Llano County,County Total,1,4,4,19,56,114,22,220,19073,NA,2022,Llano
Loving County,County Total,0,0,0,0,2,18,3,23,48,NA,2022,Loving
Lubbock County,County Total,27,330,368,2251,2492,8164,1393,15025,316856,NA,2022,Lubbock
Lynn County,County Total,0,1,1,8,11,25,4,50,5178,NA,2022,Lynn
McCulloch County,County Total,1,1,0,11,36,47,13,109,7544,NA,2022,McCulloch
McLennan County,County Total,16,186,125,834,1217,4548,557,7483,258233,NA,2022,McLennan
Madison County,County Total,1,5,1,20,27,58,17,129,14019,NA,2022,Madison
Marion County,County Total,0,6,1,31,44,62,15,159,9596,NA,2022,Marion
Martin County,County Total,0,2,2,8,18,117,5,152,5162,NA,2022,Martin
Mason County,County Total,0,0,0,0,0,3,0,3,3946,NA,2022,Mason
Matagorda County,County Total,3,20,14,169,178,712,56,1152,36638,NA,2022,Matagorda
Maverick County,County Total,0,16,16,120,334,766,135,1387,58619,NA,2022,Maverick
Medina County,County Total,2,10,8,68,141,364,137,730,51404,NA,2022,Medina
Midland County,County Total,14,84,45,633,380,2299,450,3905,163009,NA,2022,Midland
Milam County,County Total,0,0,7,51,68,100,37,263,25647,NA,2022,Milam
Mills County,County Total,0,1,0,3,7,7,1,19,4548,NA,2022,Mills
Montague County,County Total,0,4,2,25,133,112,19,295,16953,NA,2022,Montague
Montgomery County,County Total,18,192,122,1230,1255,6230,924,9971,668745,NA,2022,Montgomery
Moore County,County Total,1,12,3,41,51,252,39,399,21090,NA,2022,Moore
Morris County,County Total,2,1,5,32,20,49,9,118,9833,NA,2022,Morris
Motley County,County Total,0,0,0,6,2,1,0,9,1088,NA,2022,Motley
Nacogdoches County,County Total,2,19,12,75,147,697,65,1017,65100,NA,2022,Nacogdoches
Navarro County,County Total,10,36,14,161,142,560,77,1000,53893,NA,2022,Navarro
Newton County,County Total,1,3,0,19,33,46,6,108,12394,NA,2022,Newton
Nolan County,County Total,0,4,8,57,65,95,16,245,14561,NA,2022,Nolan
Nueces County,County Total,42,253,359,1969,1744,7901,894,13162,352044,NA,2022,Nueces
Ochiltree County,County Total,1,9,1,27,25,85,7,155,9665,NA,2022,Ochiltree
Oldham County,County Total,0,0,0,0,2,1,0,3,1684,NA,2022,Oldham
Orange County,County Total,3,38,17,172,298,627,172,1327,85213,NA,2022,Orange
Palo Pinto County,County Total,0,15,3,34,173,382,70,677,29286,NA,2022,Palo Pinto
Panola County,County Total,0,11,4,55,58,309,27,464,22784,NA,2022,Panola
Parker County,County Total,2,47,8,188,338,1219,222,2024,161150,NA,2022,Parker
Parmer County,County Total,0,1,0,5,38,29,10,83,9834,NA,2022,Parmer
Pecos County,County Total,0,2,0,5,12,17,8,44,8411,NA,2022,Pecos
Polk County,County Total,4,37,3,102,158,593,129,1026,53651,NA,2022,Polk
Potter County,County Total,24,212,202,1160,1211,5038,965,8812,218402,NA,2022,Potter
Presidio County,County Total,0,0,0,2,1,3,1,7,2880,NA,2022,Presidio
Rains County,County Total,0,0,0,0,1,6,1,8,1359,NA,2022,Rains
Randall County,County Total,1,18,3,64,54,204,40,384,44583,NA,2022,Randall
Reagan County,County Total,2,1,0,1,6,13,4,27,3153,NA,2022,Reagan
Real County,County Total,0,3,0,1,19,31,5,59,2929,NA,2022,Real
Red River County,County Total,1,4,1,10,13,38,9,76,11629,NA,2022,Red River
Reeves County,County Total,1,4,3,60,30,60,12,170,12483,NA,2022,Reeves
Refugio County,County Total,0,1,0,9,15,31,21,77,6806,NA,2022,Refugio
Roberts County,County Total,0,0,0,0,1,0,0,1,777,NA,2022,Roberts
Robertson County,County Total,1,6,2,50,135,91,32,317,17282,NA,2022,Robertson
Rockwall County,County Total,1,33,15,88,119,1121,96,1473,121643,NA,2022,Rockwall
Runnels County,County Total,0,4,1,15,68,32,5,125,10025,NA,2022,Runnels
Rusk County,County Total,1,17,10,88,149,416,81,762,50636,NA,2022,Rusk
Sabine County,County Total,0,6,1,12,19,19,4,61,9243,NA,2022,Sabine
San Augustine County,County Total,2,3,2,21,43,58,8,137,7973,NA,2022,San Augustine
San Jacinto County,County Total,0,3,0,0,0,1,0,4,0,NA,2022,San Jacinto
San Patricio County,County Total,2,25,9,70,148,516,58,828,46042,NA,2022,San Patricio
San Saba County,County Total,0,0,0,5,9,13,0,27,3197,NA,2022,San Saba
Schleicher County,County Total,0,0,0,4,9,6,0,19,2431,NA,2022,Schleicher
Scurry County,County Total,0,16,3,149,46,139,12,365,16818,NA,2022,Scurry
Shackelford County,County Total,0,2,0,4,4,6,1,17,3325,NA,2022,Shackelford
Shelby County,County Total,1,12,1,42,103,184,29,372,22109,NA,2022,Shelby
Sherman County,County Total,0,0,0,0,0,0,0,0,1973,NA,2022,Sherman
Smith County,County Total,14,120,53,725,548,2693,392,4545,239668,NA,2022,Smith
Somervell County,County Total,0,0,0,1,22,54,0,77,9789,NA,2022,Somervell
Starr County,County Total,1,10,9,91,133,310,62,616,66662,NA,2022,Starr
Stephens County,County Total,0,3,2,19,27,60,14,125,9324,NA,2022,Stephens
Sterling County,County Total,0,0,0,1,3,4,2,10,1387,NA,2022,Sterling
Sutton County,County Total,0,1,0,2,6,4,4,17,3297,NA,2022,Sutton
Swisher County,County Total,2,4,2,19,33,65,16,141,5918,NA,2022,Swisher
Tarrant County,County Total,153,1250,1179,5980,6437,36727,6310,58036,2095201,NA,2022,Tarrant
Taylor County,County Total,8,116,82,407,481,1932,209,3235,149452,NA,2022,Taylor
Terry County,County Total,0,8,1,38,57,97,14,215,11786,NA,2022,Terry
Throckmorton County,County Total,0,0,0,1,2,3,0,6,1558,NA,2022,Throckmorton
Titus County,County Total,1,24,8,79,86,274,44,516,31289,NA,2022,Titus
Tom Green County,County Total,6,84,28,271,472,2313,220,3394,119434,NA,2022,Tom Green
Travis County,County Total,82,687,1050,4510,5694,29219,6098,47340,1369051,NA,2022,Travis
Trinity County,County Total,0,3,0,17,30,38,10,98,11709,NA,2022,Trinity
Tyler County,County Total,0,7,2,19,62,74,31,195,20483,NA,2022,Tyler
Upshur County,County Total,0,20,4,68,83,213,29,417,40434,NA,2022,Upshur
Upton County,County Total,0,0,0,3,4,16,1,24,3253,NA,2022,Upton
Uvalde County,County Total,22,28,4,85,90,320,47,596,25069,NA,2022,Uvalde
Val Verde County,County Total,2,28,24,79,191,392,39,755,47831,NA,2022,Val Verde
Van Zandt County,County Total,3,18,6,38,156,273,53,547,63280,NA,2022,Van Zandt
Victoria County,County Total,7,47,41,229,328,1235,106,1993,91237,NA,2022,Victoria
Walker County,County Total,1,55,19,221,209,886,158,1549,79915,NA,2022,Walker
Waller County,County Total,2,42,16,121,159,464,113,917,57871,NA,2022,Waller
Ward County,County Total,2,4,4,31,33,116,34,224,10815,NA,2022,Ward
Washington County,County Total,1,18,0,80,69,259,48,475,36161,NA,2022,Washington
Webb County,County Total,12,77,133,639,429,2707,305,4302,265918,NA,2022,Webb
Wharton County,County Total,2,15,8,157,136,804,95,1217,42144,NA,2022,Wharton
Wheeler County,County Total,0,1,0,4,1,4,3,13,3157,NA,2022,Wheeler
Wichita County,County Total,16,126,55,336,592,2305,315,3745,131378,NA,2022,Wichita
Wilbarger County,County Total,2,10,1,28,34,61,13,149,12693,NA,2022,Wilbarger
Willacy County,County Total,1,5,7,67,77,179,20,356,18159,NA,2022,Willacy
Williamson County,County Total,13,210,79,425,870,6524,500,8621,628141,NA,2022,Williamson
Wilson County,County Total,1,22,2,49,105,355,75,609,50962,NA,2022,Wilson
Winkler County,County Total,0,2,0,8,23,45,19,97,7138,NA,2022,Winkler
Wise County,County Total,2,29,11,100,135,469,63,809,75128,NA,2022,Wise
Wood County,County Total,1,12,11,64,108,246,36,478,47838,NA,2022,Wood
Yoakum County,County Total,0,0,0,17,11,34,8,70,7591,NA,2022,Yoakum
Young County,County Total,0,5,2,24,23,98,16,168,18225,NA,2022,Young
Zapata County,County Total,0,0,0,5,12,20,0,37,14016,NA,2022,Zapata
Zavala County,County Total,0,2,0,12,9,23,12,58,3222,NA,2022,Zavala
